memory_initialization_radix=16;
memory_initialization_vector=
00000000,
00000000,
00000000,
00000000,
00000000,
00000000,
00000000,
00000000,
00000000,
00000000,
00000000,
00000000,
00000000,
00000000,
00000000,
00000000,
00000000,
00000000,
00000000,
00000000,
00000000,
00000000,
00000000,
00000000,
00000000,
00000000,
00000000,
00000000,
00000000,
00000000,
00000000,
00000000,
00000000,
00000000,
00000000,
00000000,
00000000,
00000000,
00000000,
00000000,
00000000,
00000000,
00000000,
00000000,
00000000,
00000000,
00000000,
00000000,
00000000,
00000000,
B9540000,
243C979F,
00000000,
00000000,
00000000,
00000000,
00000000,
FEDE0000,
F1FEFEFE,
C6C6C6C6,
C6C6C6C6,
000034AA,
00000000,
00000000,
72430000,
E3A37248,
FEFEE1FE,
FEE5FAFE,
00008CFE,
00000000,
00000000,
00000000,
11000000,
43430E42,
EC153B43,
00006AFE,
00000000,
00000000,
00000000,
00000000,
00000000,
FD530000,
000012D1,
00000000,
00000000,
00000000,
00000000,
00000000,
FFE91600,
00000053,
00000000,
00000000,
00000000,
00000000,
00000000,
EEFE8100,
0000002C,
00000000,
00000000,
00000000,
00000000,
00000000,
3EFEF93B,
00000000,
00000000,
00000000,
00000000,
00000000,
00000000,
05BBFE85,
00000000,
00000000,
00000000,
00000000,
00000000,
09000000,
003AF8CD,
00000000,
00000000,
00000000,
00000000,
00000000,
7E000000,
0000B6FE,
00000000,
00000000,
00000000,
00000000,
00000000,
FB4B0000,
000039F0,
00000000,
00000000,
00000000,
00000000,
00000000,
FEDD1300,
000000A6,
00000000,
00000000,
00000000,
00000000,
00000000,
DBFECB03,
00000023,
00000000,
00000000,
00000000,
00000000,
00000000,
4DFEFE26,
00000000,
00000000,
00000000,
00000000,
00000000,
1F000000,
0173FEE0,
00000000,
00000000,
00000000,
00000000,
00000000,
85000000,
0034FEFE,
00000000,
00000000,
00000000,
00000000,
00000000,
F23D0000,
0034FEFE,
00000000,
00000000,
00000000,
00000000,
00000000,
FE790000,
0028DBFE,
00000000,
00000000,
00000000,
00000000,
00000000,
FE790000,
000012CF,
00000000,
00000000,
00000000,
00000000,
00000000,
00000000,
00000000,
00000000,
00000000,
00000000,
00000000,
00000000,
00000000,
00000000,
00000000,
00000000,
00000000,
00000000,
00000000,
00000000,
00000000,
00000000,
00000000,
00000000,
00000000,
00000000,
00000000,
00000000,
00000000,
00000000,
00000000,
00000000,
00000000,
7D740000,
96FFFFAB,
0000005D,
00000000,
00000000,
00000000,
00000000,
FDFDA900,
FDFDFDFD,
00001EDA,
00000000,
00000000,
00000000,
00000000,
FDFDFDA9,
FDB08ED5,
00007AFD,
00000000,
00000000,
00000000,
34000000,
20D2FDFA,
CE06000C,
00008CFD,
00000000,
00000000,
00000000,
4D000000,
0019D2FB,
F87A0000,
000041FD,
00000000,
00000000,
00000000,
00000000,
0000121F,
FDD10000,
000041FD,
00000000,
00000000,
00000000,
00000000,
00000000,
FDF77500,
00000AC6,
00000000,
00000000,
00000000,
00000000,
00000000,
E7FDF74C,
0000003F,
00000000,
00000000,
00000000,
00000000,
00000000,
90FDFD80,
00000000,
00000000,
00000000,
00000000,
00000000,
B0000000,
0C9FFDF6,
00000000,
00000000,
00000000,
00000000,
00000000,
EA190000,
0023E9FD,
00000000,
00000000,
00000000,
00000000,
00000000,
FDC60000,
00008DFD,
00000000,
00000000,
00000000,
00000000,
00000000,
FDF84E00,
00000CBD,
00000000,
00000000,
00000000,
00000000,
00000000,
FDFDC813,
0000008D,
00000000,
00000000,
00000000,
00000000,
00000000,
ADFDFD86,
0000000C,
00000000,
00000000,
00000000,
00000000,
00000000,
19FDFDF8,
00000000,
00000000,
00000000,
00000000,
00000000,
00000000,
2BFDFDF8,
14141414,
14050005,
96962514,
000A9396,
00000000,
00000000,
FDFDFDF8,
FDFDFDFD,
FDA68FA8,
FDFDFDFD,
007BFDFD,
00000000,
00000000,
FDFDFDAE,
FDFDFDFD,
FDFDFDFD,
A9F7F7F9,
00397575,
00000000,
00000000,
7B7B7600,
FDFDA67B,
7B7B9BFD,
00000029,
00000000,
00000000,
00000000,
00000000,
00000000,
00000000,
00000000,
00000000,
00000000,
00000000,
00000000,
00000000,
00000000,
00000000,
00000000,
00000000,
00000000,
00000000,
00000000,
00000000,
00000000,
00000000,
00000000,
00000000,
00000000,
00000000,
00000000,
00000000,
00000000,
00000000,
00000000,
00000000,
00000000,
00000000,
00000000,
00000000,
00000000,
00000000,
00000000,
00000000,
00000000,
00000000,
00000000,
00000000,
00000000,
00000000,
00000000,
00000000,
00000000,
00000000,
00000000,
00000000,
00000000,
00000000,
00000000,
00000000,
00000000,
00000000,
00000000,
00000000,
00000000,
00000000,
00000000,
00000000,
00000000,
00000000,
00000000,
00000000,
006DFE26,
00000000,
00000000,
00000000,
00000000,
00000000,
00000000,
0052FC57,
00000000,
00000000,
00000000,
00000000,
00000000,
00000000,
0000F187,
00000000,
00000000,
00000000,
00000000,
00000000,
2D000000,
000096F4,
00000000,
00000000,
00000000,
00000000,
00000000,
54000000,
00003FFE,
00000000,
00000000,
00000000,
00000000,
00000000,
CA000000,
00000BDF,
00000000,
00000000,
00000000,
00000000,
00000000,
FE200000,
000000D8,
00000000,
00000000,
00000000,
00000000,
00000000,
FE5F0000,
000000C3,
00000000,
00000000,
00000000,
00000000,
00000000,
FE8C0000,
0000004D,
00000000,
00000000,
00000000,
00000000,
00000000,
CDED3900,
00000008,
00000000,
00000000,
00000000,
00000000,
00000000,
A5FF7C00,
00000000,
00000000,
00000000,
00000000,
00000000,
00000000,
51FEAB00,
00000000,
00000000,
00000000,
00000000,
00000000,
00000000,
00D7E818,
00000000,
00000000,
00000000,
00000000,
00000000,
00000000,
009FFE78,
00000000,
00000000,
00000000,
00000000,
00000000,
00000000,
008EFE97,
00000000,
00000000,
00000000,
00000000,
00000000,
00000000,
0042FEE4,
00000000,
00000000,
00000000,
00000000,
00000000,
3D000000,
0042FEFB,
00000000,
00000000,
00000000,
00000000,
00000000,
8D000000,
0003CDFE,
00000000,
00000000,
00000000,
00000000,
00000000,
D70A0000,
000079FE,
00000000,
00000000,
00000000,
00000000,
00000000,
C6050000,
00000AB0,
00000000,
00000000,
00000000,
00000000,
00000000,
00000000,
00000000,
00000000,
00000000,
00000000,
00000000,
00000000,
00000000,
00000000,
00000000,
00000000,
00000000,
00000000,
00000000,
00000000,
00000000,
00000000,
00000000,
00000000,
00000000,
00000000,
00000000,
00000000,
00000000,
00000000,
00000000,
00000000,
00000000,
00000000,
00000000,
00000000,
00000000,
00000000,
00000000,
00000000,
00000000,
00000000,
00000000,
00000000,
00000000,
00000000,
00000000,
00000000,
00000000,
00000000,
00000000,
00000000,
00000000,
00000000,
00000000,
00000000,
00000000,
00000000,
00000000,
00000000,
00000000,
00000000,
CAFD960B,
0000001F,
00000000,
00000000,
00000000,
00000000,
00000000,
FDFBFB25,
0000006B,
00000000,
00000000,
00000000,
00000000,
15000000,
FDFBFBC5,
0000006B,
00000000,
00000000,
00000000,
00000000,
BE6E0000,
FDFBFBFB,
003E6DA9,
00000000,
00000000,
00000000,
00000000,
FBFD0000,
FDFBFBFB,
33DCFBFB,
00000000,
00000000,
00000000,
00000000,
FDFFB600,
EAFDFDFD,
FDFDFDDE,
00000000,
00000000,
00000000,
00000000,
FBFDDD3F,
4D93FBFB,
FBFB803E,
00000069,
00000000,
00000000,
20000000,
FBFDFBE7,
000A89DC,
FBE61F00,
000571F3,
00000000,
00000000,
25000000,
BCFDFBFB,
00000014,
FB6D0000,
0023FBFD,
00000000,
00000000,
25000000,
1EC9FBFB,
00000000,
C81F0000,
0023FBFD,
00000000,
00000000,
25000000,
0000FDFD,
00000000,
CA200000,
00A4FDFF,
00000000,
00000000,
8C000000,
0000FBFB,
00000000,
FB6D0000,
0023FBFD,
00000000,
00000000,
D9000000,
0000FBFB,
00000000,
FBE73F15,
001EE6FD,
00000000,
00000000,
D9000000,
0000FBFB,
00000000,
FBFBFB90,
00003DDD,
00000000,
00000000,
D9000000,
0000FBFB,
B6000000,
FBFBFBDD,
000000B4,
00000000,
00000000,
DA000000,
4949FDFD,
FFFDFDE4,
FDFDFDFD,
00000000,
00000000,
00000000,
71000000,
FBFDFBFB,
FDFBFBFB,
93FBFBFB,
00000000,
00000000,
00000000,
1F000000,
FBFDFBE6,
FDFBFBFB,
0A23BDE6,
00000000,
00000000,
00000000,
00000000,
FBFD8E3E,
FDFBFBFB,
0000006B,
00000000,
00000000,
00000000,
00000000,
AE480000,
4847ADFB,
0000001E,
00000000,
00000000,
00000000,
00000000,
00000000,
00000000,
00000000,
00000000,
00000000,
00000000,
00000000,
00000000,
00000000,
00000000,
00000000,
00000000,
00000000,
00000000,
00000000,
00000000,
00000000,
00000000,
00000000,
00000000,
00000000,
00000000,
00000000,
00000000,
00000000,
00000000,
00000000,
00000000,
00000000,
00000000,
00000000,
00000000,
00000000,
00000000,
00000000,
00000000,
00000000,
00000000,
00000000,
00000000,
00000000,
00000000,
00000000,
00000000,
00000000,
00000000,
00000000,
00000000,
00000000,
00000000,
00000000,
00000000,
00000000,
00000000,
00000000,
00000000,
00000000,
00000000,
00000000,
00000000,
00000000,
00000000,
00000000,
E0320000,
00000000,
46000000,
0000001D,
00000000,
00000000,
00000000,
E7790000,
00000000,
94000000,
000000A8,
00000000,
00000000,
00000000,
E7C30400,
00000000,
60000000,
00000BD2,
00000000,
00000000,
00000000,
86FC4500,
00000000,
72000000,
000015FC,
00000000,
00000000,
00000000,
0CD9EC2D,
00000000,
C0000000,
000015FC,
00000000,
00000000,
00000000,
0035F7A8,
00000000,
FF120000,
000015FD,
00000000,
00000000,
54000000,
0000D3F2,
00000000,
FD8D0000,
000005BD,
00000000,
00000000,
A9000000,
00006AFC,
00000000,
FAE82000,
00000042,
00000000,
00000000,
E10F0000,
000000FC,
00000000,
D3FC8600,
00000000,
00000000,
00000000,
FC160000,
000000A4,
00000000,
A7FCA900,
00000000,
00000000,
00000000,
CC090000,
000012D1,
00000000,
6BFDFD16,
00000000,
00000000,
00000000,
A9000000,
5555C7FC,
A4815555,
6AFCFCC3,
00000000,
00000000,
00000000,
29000000,
FCFCF5AA,
E7E8FCFC,
09FCFCFB,
00000000,
00000000,
00000000,
00000000,
54543100,
00005454,
00FCFCA1,
00000000,
00000000,
00000000,
00000000,
00000000,
00000000,
2DFCFC7F,
00000000,
00000000,
00000000,
00000000,
00000000,
00000000,
00FDFD80,
00000000,
00000000,
00000000,
00000000,
00000000,
00000000,
00FCFC7F,
00000000,
00000000,
00000000,
00000000,
00000000,
00000000,
00F4FC87,
00000000,
00000000,
00000000,
00000000,
00000000,
00000000,
006FECE8,
00000000,
00000000,
00000000,
00000000,
00000000,
00000000,
000042B3,
00000000,
00000000,
00000000,
00000000,
00000000,
00000000,
00000000,
00000000,
00000000,
00000000,
00000000,
00000000,
00000000,
00000000,
00000000,
00000000,
00000000,
00000000,
00000000,
00000000,
00000000,
00000000,
00000000,
00000000,
00000000,
00000000,
00000000,
00000000,
00000000,
00000000,
00000000,
00000000,
00000000,
00000000,
00000000,
00000000,
00000000,
00000000,
00000000,
00000000,
00000000,
00000000,
00000000,
00000000,
00000000,
00000000,
00000000,
00000000,
00000000,
00000000,
00000000,
00000000,
00000000,
00000000,
00000000,
00000000,
00000000,
00000000,
00000000,
00000000,
00000000,
00000000,
036BFE4D,
00000000,
00000000,
00000000,
00000000,
00000000,
13000000,
09FEFEE3,
00000000,
00000000,
00000000,
00000000,
00000000,
51000000,
01A5FEFE,
00000000,
00000000,
00000000,
00000000,
00000000,
CB070000,
0049FEFE,
00000000,
00000000,
00000000,
00000000,
00000000,
FE350000,
0000FAFE,
00000000,
00000000,
00000000,
00000000,
00000000,
FE860000,
0000B4FE,
00000000,
00000000,
00000000,
00000000,
00000000,
FEC40000,
000030F8,
00000000,
00000000,
00000000,
00000000,
00000000,
FEFE3A00,
000000ED,
00000000,
00000000,
00000000,
00000000,
00000000,
FEFE6F00,
00000084,
00000000,
00000000,
00000000,
00000000,
00000000,
EEFEA300,
0000001C,
00000000,
00000000,
00000000,
00000000,
00000000,
DFFEFC3C,
00000000,
00000000,
00000000,
00000000,
00000000,
00000000,
9AFEFE4F,
00000000,
00000000,
00000000,
00000000,
00000000,
00000000,
35EEFEA3,
00000000,
00000000,
00000000,
00000000,
00000000,
1C000000,
00D2FEFC,
00000000,
00000000,
00000000,
00000000,
00000000,
56000000,
0083FEFE,
00000000,
00000000,
00000000,
00000000,
00000000,
69000000,
0014EAFE,
00000000,
00000000,
00000000,
00000000,
00000000,
AF000000,
0005CCFE,
00000000,
00000000,
00000000,
00000000,
00000000,
D3050000,
0000C4FE,
00000000,
00000000,
00000000,
00000000,
00000000,
9E030000,
0000A0FE,
00000000,
00000000,
00000000,
00000000,
00000000,
1A000000,
00006B9D,
00000000,
00000000,
00000000,
00000000,
00000000,
00000000,
00000000,
00000000,
00000000,
00000000,
00000000,
00000000,
00000000,
00000000,
00000000,
00000000,
00000000,
00000000,
00000000,
00000000,
00000000,
00000000,
00000000,
00000000,
00000000,
00000000,
00000000,
00000000,
00000000,
00000000,
00000000,
00000000,
00000000,
00000000,
00000000,
00000000,
00000000,
00000000,
00000000,
00000000,
00000000,
00000000,
00000000,
00000000,
00000000,
00000000,
00000000,
00000000,
00000000,
00000000,
00000000,
00000000,
00000000,
00000000,
00000000,
00000000,
00000000,
00000000,
00000000,
00000000,
00000000,
86C01600,
00000020,
00000000,
054D0F00,
00000000,
00000000,
00000000,
A9FAEB11,
00000000,
00000000,
25F1DC0F,
00000000,
00000000,
14000000,
0093FDBD,
00000000,
00000000,
0064FD8B,
00000000,
00000000,
46000000,
0015FDFD,
00000000,
2B000000,
000DADFE,
00000000,
00000000,
99160000,
000060FD,
00000000,
E72B0000,
00005CFE,
00000000,
00000000,
FFA30000,
00000BCC,
00000000,
FE680000,
0000009E,
00000000,
00000000,
FDA20000,
000005B2,
00000000,
FDED8309,
00000000,
00000000,
00000000,
FDA20000,
46AFBFFD,
85464646,
A9FDFDC5,
00000000,
00000000,
00000000,
E4330000,
FDFEFDFD,
FEFDFDFD,
23DBFDFD,
00000000,
00000000,
00000000,
11000000,
E8FE8941,
2C898989,
00A1FDFD,
00000000,
00000000,
00000000,
00000000,
00000000,
22000000,
0015CEFE,
00000000,
00000000,
00000000,
00000000,
00000000,
A0000000,
000045FD,
00000000,
00000000,
00000000,
00000000,
00000000,
FE550000,
000032F1,
00000000,
00000000,
00000000,
00000000,
00000000,
FE9E0000,
000000A5,
00000000,
00000000,
00000000,
00000000,
00000000,
F4E70000,
00000032,
00000000,
00000000,
00000000,
00000000,
00000000,
E8FE6800,
00000000,
00000000,
00000000,
00000000,
00000000,
00000000,
9DFDD000,
001E0D00,
00000000,
00000000,
00000000,
00000000,
00000000,
9AFDD000,
00A1CC5B,
00000000,
00000000,
00000000,
00000000,
00000000,
FEFDD000,
001D9AFD,
00000000,
00000000,
00000000,
00000000,
00000000,
80BE3D00,
00000617,
00000000,
00000000,
00000000,
00000000,
00000000,
00000000,
00000000,
00000000,
00000000,
00000000,
00000000,
00000000,
00000000,
00000000,
00000000,
00000000,
00000000,
00000000,
00000000,
00000000,
00000000,
00000000,
00000000,
00000000,
00000000,
00000000,
00000000,
00000000,
00000000,
00000000,
00000000,
00000000,
00000000,
00000000,
00000000,
00000000,
00000000,
00000000,
00000000,
00000000,
00000000,
00000000,
00000000,
00000000,
00000000,
00000000,
00000000,
00000000,
00000000,
00000000,
00000000,
00000000,
00000000,
00000000,
00000000,
00000000,
00000000,
00000000,
00000000,
00000000,
00000000,
00000000,
00000000,
00000000,
00000000,
00000000,
00000000,
0E000000,
0005C195,
00000000,
00000000,
00000000,
00000000,
00000000,
E05B0000,
0013FDFD,
00000000,
00000000,
00000000,
00000000,
00000000,
FEEB1C00,
12A6FDFD,
00000000,
00000000,
00000000,
00000000,
00000000,
FEFD9000,
EEFDFDFD,
00000673,
00000000,
00000000,
00000000,
00000000,
D0FDF11F,
FDFDFDB9,
000018E7,
00000000,
00000000,
00000000,
00000000,
00C1FE4F,
FEDB6208,
0012C9FF,
00000000,
00000000,
00000000,
00000000,
0050FD56,
FDB60000,
000CBFFE,
00000000,
00000000,
00000000,
00000000,
009BFDAF,
FDEA0000,
000087FE,
00000000,
00000000,
00000000,
00000000,
28D0FD56,
EDFBA655,
002AECFE,
00000000,
00000000,
00000000,
00000000,
FEFDEE12,
24B9FDFD,
0098FDD8,
00000000,
00000000,
00000000,
00000000,
FFF04400,
000891FE,
23DFFE86,
00000000,
00000000,
00000000,
00000000,
9E440000,
00000C8E,
A1FDAF09,
00000000,
00000000,
00000000,
00000000,
00000000,
00000000,
E2FD5800,
00000012,
00000000,
00000000,
00000000,
00000000,
00000000,
FDA60200,
0000007E,
00000000,
00000000,
00000000,
00000000,
00000000,
F5300000,
000026FD,
00000000,
00000000,
00000000,
00000000,
00000000,
73000000,
0009ACFE,
00000000,
00000000,
00000000,
00000000,
00000000,
15000000,
002EFEDA,
00000000,
00000000,
00000000,
00000000,
00000000,
00000000,
00A5FE1E,
00000000,
00000000,
00000000,
00000000,
00000000,
00000000,
2AF4BA00,
00000000,
00000000,
00000000,
00000000,
00000000,
00000000,
4EDF0E00,
00000000,
00000000,
00000000,
00000000,
00000000,
00000000,
00000000,
00000000,
00000000,
00000000,
00000000,
00000000,
00000000,
00000000,
00000000,
00000000,
00000000,
00000000,
00000000,
00000000,
00000000,
00000000,
00000000,
00000000,
00000000,
00000000,
00000000,
00000000,
00000000,
00000000,
00000000,
00000000,
00000000,
00000000,
00000000,
00000000,
00000000,
00000000,
00000000,
00000000,
00000000,
00000000,
00000000,
00000000,
00000000,
00000000,
00000000,
2F2F1100,
5581102F,
0000002F,
00000000,
00000000,
00000000,
4B000000,
FDFDD999,
FDF6D7FD,
000000FD,
00000000,
00000000,
00000000,
FCF48E23,
FDFDFDFD,
FDFDFDFD,
000000FD,
00000000,
00000000,
00000000,
FDFDFD3F,
FDFDFDFD,
AAAAAAD5,
000000AA,
00000000,
00000000,
00488414,
EEE3EE39,
14457CA8,
0000000B,
00000000,
00000000,
0B000000,
004EFDCE,
1E002000,
00000002,
00000000,
00000000,
00000000,
B1060000,
000A84FD,
00000000,
00000000,
00000000,
00000000,
00000000,
FD850C00,
00000FE9,
00000000,
00000000,
00000000,
00000000,
00000000,
DFFD5C00,
0000001C,
00000000,
00000000,
00000000,
00000000,
00000000,
AEFD9600,
00000000,
00000000,
00000000,
00000000,
00000000,
00000000,
F6FDEA00,
0000317F,
00000000,
00000000,
00000000,
00000000,
00000000,
FDFDFF00,
5B93FBFD,
2A2A5579,
00001C55,
00000000,
00000000,
00000000,
FDFD8B00,
FDFDFDFD,
FDFDFDFD,
00A8E8FD,
00000000,
00000000,
00000000,
DA350300,
FDFDFBDE,
FDFDFDFD,
7CFCFDFD,
00000000,
00000000,
00000000,
00000000,
C8484300,
FDFDFDFD,
AFFDFDFD,
00000000,
00000000,
00000000,
00000000,
78000000,
3398F9FD,
AFFDFDA4,
00000000,
00000000,
00000000,
00000000,
32000000,
BCFDFDFD,
94FDFDFC,
00000000,
00000000,
00000000,
00000000,
09000000,
FDFDFDA7,
0BAFFAFD,
00000000,
00000000,
00000000,
00000000,
00000000,
FDE7B417,
000080DD,
00000000,
00000000,
00000000,
00000000,
00000000,
955D0000,
00000016,
00000000,
00000000,
00000000,
00000000,
00000000,
00000000,
00000000,
00000000,
00000000,
00000000,
00000000,
00000000,
00000000,
00000000,
00000000,
00000000,
00000000,
00000000,
00000000,
00000000,
00000000,
00000000,
00000000,
00000000,
00000000,
00000000,
00000000,
00000000,
00000000,
00000000,
00000000,
00000000,
00000000,
00000000,
00000000,
00000000,
00000000,
00000000,
00000000,
00000000,
00000000,
00000000,
00000000,
00000000,
00000000,
00000000,
00000000,
00000000,
00000000,
00000000,
00000000,
00000000,
00000000,
00000000,
00000000,
00000000,
00000000,
00000000,
00000000,
00000000,
00000000,
00000000,
00000000,
00000000,
00000000,
00000000,
00000000,
00000000,
00000000,
00000000,
00000000,
00000000,
00000000,
00000000,
00000000,
00000000,
00000000,
00000000,
00000000,
00000000,
00000000,
00000000,
89382400,
255FC7C9,
00000000,
00000000,
00000000,
00000000,
2D000000,
FEFEEA98,
FAFEFEFE,
000697D3,
00000000,
00000000,
00000000,
F0992E00,
A6E3FEFE,
FEC8FB85,
0068E1E5,
00000000,
00000000,
00000000,
FEFEEA99,
00088EBB,
C628BF00,
15FDDFF6,
00000000,
00000000,
7E080000,
80E9FEFD,
0000000B,
462BD200,
15FEFEFE,
00000000,
00000000,
F3480000,
0036E4FE,
03000000,
F2E17420,
05A2FFFE,
00000000,
00000000,
F04B0000,
8A6DDFFE,
D2A9B2B2,
FEFEE7FB,
0026E8FE,
00000000,
00000000,
AF090000,
FEFFFDF4,
FEFEFBFE,
FCFEFEFE,
000019AB,
00000000,
00000000,
00000000,
B0C38810,
FEC89992,
96FEFEFE,
00000010,
00000000,
00000000,
00000000,
00000000,
FEA20000,
0363F1FE,
00000000,
00000000,
00000000,
00000000,
00000000,
FEFA7600,
00005AFE,
00000000,
00000000,
00000000,
00000000,
00000000,
FEFEF264,
000007D3,
00000000,
00000000,
00000000,
00000000,
36000000,
F2FEFEF1,
0000003B,
00000000,
00000000,
00000000,
00000000,
83000000,
40F4FEFE,
00000000,
00000000,
00000000,
00000000,
00000000,
F90D0000,
0098FEFE,
00000000,
00000000,
00000000,
00000000,
00000000,
FEE40C00,
0008D0FE,
00000000,
00000000,
00000000,
00000000,
00000000,
FEFF4E00,
000042FE,
00000000,
00000000,
00000000,
00000000,
00000000,
FEFED100,
00000089,
00000000,
00000000,
00000000,
00000000,
00000000,
E9FFE300,
00000019,
00000000,
00000000,
00000000,
00000000,
00000000,
6CFF7100,
00000000,
00000000,
00000000,
00000000,
00000000,
00000000,
00000000,
00000000,
00000000,
00000000,
00000000,
00000000,
00000000,
00000000,
00000000,
00000000,
00000000,
00000000,
00000000,
00000000,
00000000,
00000000,
00000000,
00000000,
00000000,
00000000,
00000000,
00000000,
00000000,
00000000,
00000000,
00000000,
00000000,
00000000,
00000000,
00000000,
00000000,
00000000,
00000000,
00000000,
00000000,
3D000000,
C1762A03,
003D7676,
00000000,
00000000,
00000000,
00000000,
F5B30E00,
FEFEF2EC,
EBF5FEFE,
00000054,
00000000,
00000000,
00000000,
FEFE9700,
B2C0D5FE,
FEFEB4B2,
00002EF1,
00000000,
00000000,
00000000,
E2FEEB2B,
000C1C40,
FC800200,
0011ADFF,
00000000,
00000000,
00000000,
6BFDFE38,
00000000,
86000000,
004BFEFA,
00000000,
00000000,
00000000,
009EFE3F,
00000000,
00000000,
009DFEDD,
00000000,
00000000,
00000000,
0067FEC2,
00000000,
00000000,
00D5FE96,
00000000,
00000000,
22000000,
003AEFDC,
00000000,
00000000,
00D5FE54,
00000000,
00000000,
7E000000,
0000ABFE,
00000000,
00000000,
00D5FE54,
00000000,
00000000,
D6000000,
00003CEF,
00000000,
00000000,
00D5FE54,
00000000,
00000000,
D6000000,
000000C7,
00000000,
00000000,
00D5FE54,
00000000,
00000000,
DB0B0000,
000000C7,
00000000,
00000000,
00D5FE54,
00000000,
00000000,
FE620000,
000000C7,
00000000,
00000000,
00D1FEA2,
00000000,
00000000,
FE620000,
000000C7,
00000000,
33000000,
004BFEEE,
00000000,
00000000,
FE620000,
000000C7,
00000000,
A5330000,
0004C3FE,
00000000,
00000000,
F1420000,
000000C7,
00000000,
FEA70300,
000037E3,
00000000,
00000000,
D6000000,
000014D5,
2E000000,
FEFECA98,
0000003F,
00000000,
00000000,
D6000000,
B4B4CCFE,
EBB4B4B4,
9CEAFEFE,
0000000A,
00000000,
00000000,
51000000,
FEFEFECD,
FEFEFEFE,
0078EAFC,
00000000,
00000000,
00000000,
00000000,
FEFED21A,
99FEFEFE,
00000068,
00000000,
00000000,
00000000,
00000000,
00000000,
00000000,
00000000,
00000000,
00000000,
00000000,
00000000,
00000000,
00000000,
00000000,
00000000,
00000000,
00000000,
00000000,
00000000,
00000000,
00000000,
00000000,
00000000,
00000000,
00000000,
00000000,
00000000,
00000000,
00000000,
00000000,
00000000,
00000000,
00000000,
00000000,
00000000,
00000000,
00000000,
00000000,
00000000,
00000000,
00000000,
00000000,
00000000,
00000000,
00000000,
00000000,
00000000,
00000000,
00000000,
00000000,
00000000,
00000000,
00000000,
CC070000,
0000B0FD,
00000000,
00000000,
00000000,
00000000,
00000000,
FC960700,
00007DFC,
00000000,
00000000,
00000000,
00000000,
00000000,
BAFC7500,
00000038,
00000000,
00000000,
00000000,
00000000,
00000000,
76FC8D00,
00000000,
00000000,
00000000,
00000000,
00000000,
00000000,
32F79A00,
00000000,
00000000,
00000000,
00000000,
00000000,
00000000,
00C4FD1A,
00000000,
00000000,
00000000,
00000000,
00000000,
00000000,
00C4FD96,
00000000,
55390000,
00002655,
00000000,
00000000,
00000000,
0060FDE1,
00000000,
FCF3E297,
007DEEFC,
00000000,
00000000,
0A000000,
0000E2E5,
E5360400,
AFEAFFFD,
1FE4FFE1,
00000000,
00000000,
6E000000,
000096FC,
FCFC801A,
001C86E3,
38FCB200,
00000000,
00000000,
9F000000,
000071FC,
BAFCFD96,
0000002B,
38FC8D00,
00000000,
00000000,
B9000000,
260071FC,
0697FDED,
00000000,
06CA8D00,
00000000,
00000000,
C6000000,
930072FD,
0000A3FD,
00000000,
00C59A00,
00000000,
00000000,
C5000000,
AC0071FC,
0000BCFC,
00000000,
00ABFD1A,
00000000,
00000000,
C5000000,
130071FC,
137AF7E7,
00000000,
0038F4C8,
00000000,
00000000,
DE1A0000,
000071FC,
C1FCCB19,
C84C000D,
00007DF9,
00000000,
00000000,
B9000000,
000AB3FD,
234C0000,
F4FD9A1D,
0000007D,
00000000,
00000000,
1C000000,
52C4FDD1,
C5833939,
51D6FDFC,
00000000,
00000000,
00000000,
00000000,
FCFCD819,
FCFCFDFC,
00139CFC,
00000000,
00000000,
00000000,
00000000,
8B671000,
8B8B8CF0,
00000028,
00000000,
00000000,
00000000,
00000000,
00000000,
00000000,
00000000,
00000000,
00000000,
00000000,
00000000,
00000000,
00000000,
00000000,
00000000,
00000000,
00000000,
00000000,
00000000,
00000000,
00000000,
00000000,
00000000,
00000000,
00000000,
00000000,
00000000,
00000000,
00000000,
00000000,
00000000,
00000000,
00000000,
00000000,
00000000,
00000000,
00000000,
00000000,
00000000,
00000000,
00000000,
00000000,
00000000,
00000000,
00000000,
00000000,
00000000,
00000000,
00000000,
00000000,
00000000,
00000000,
00000000,
00000000,
00000000,
00000000,
00000000,
00000000,
00000000,
00000000,
00000000,
00000000,
00000000,
00000000,
00000000,
00000000,
00000000,
00000000,
00000000,
00000000,
00000000,
00000000,
00000000,
00000000,
00000000,
00000000,
00000000,
00000000,
00000000,
00000000,
00000000,
00000000,
00000000,
00000000,
00000000,
00000000,
00000000,
00000000,
00000000,
FFFDB431,
0B24A9FD,
0000094C,
00000000,
00000000,
00000000,
44050000,
FDFCFCE4,
BDA0FCFC,
00005CFD,
00000000,
00000000,
00000000,
FC370000,
454FE3FC,
EC5A6445,
000043F7,
00000000,
00000000,
00000000,
FCE92B00,
000032B9,
FCCB1A00,
00000087,
00000000,
00000000,
00000000,
B2FDA800,
00000025,
FCFC4600,
0000003F,
00000000,
00000000,
00000000,
2AF2FD9B,
00000000,
BEFDBF05,
00000000,
00000000,
00000000,
00000000,
00E6FCCF,
05000000,
40FCFC88,
00000000,
00000000,
00000000,
00000000,
00E6FCCF,
8A200000,
10E3FCFC,
00000000,
00000000,
00000000,
00000000,
CFF9FCA5,
FDE4CFCF,
00A0FCFC,
00000000,
00000000,
00000000,
00000000,
FCFDB309,
4BFCFCFC,
0038FCA9,
00000000,
00000000,
00000000,
00000000,
74400000,
95004A74,
0015D7FD,
00000000,
00000000,
00000000,
00000000,
00000000,
FD000000,
0000A2FC,
00000000,
00000000,
00000000,
00000000,
00000000,
FD200000,
000032F0,
00000000,
00000000,
00000000,
00000000,
00000000,
FD9D0000,
000000A4,
00000000,
00000000,
00000000,
00000000,
00000000,
FDF02B00,
0000005C,
00000000,
00000000,
00000000,
00000000,
00000000,
FCFD5D00,
00000054,
00000000,
00000000,
00000000,
00000000,
00000000,
D1FC7200,
00000000,
00000000,
00000000,
00000000,
00000000,
00000000,
74FCCF00,
00000000,
00000000,
00000000,
00000000,
00000000,
00000000,
74FCA500,
00000000,
00000000,
00000000,
00000000,
00000000,
00000000,
3FC85D00,
00000000,
00000000,
00000000,
00000000,
00000000,
00000000,
00000000,
00000000,
00000000,
00000000,
00000000,
00000000,
00000000,
00000000,
00000000,
00000000,
00000000,
00000000,
00000000,
00000000,
00000000,
00000000,
00000000,
00000000,
00000000,
00000000,
00000000,
00000000,
00000000,
00000000,
00000000,
00000000,
00000000,
00000000,
00000000,
00000000,
00000000,
00000000,
00000000,
00000000,
00000000,
00000000,
00000000,
00000000,
00000000,
00000000,
00000000,
00000000,
FF8A4211,
178AA9FD,
00000000,
00000000,
00000000,
00000000,
78050000,
FDFCFCE4,
9EFCFCFC,
00000000,
00000000,
00000000,
00000000,
FC6C0000,
BEFCFCFC,
FCFCFCFC,
00000000,
00000000,
00000000,
00000000,
FCE92B00,
0574FCFC,
FCFCFC87,
00000000,
00000000,
00000000,
00000000,
FCFDB22B,
00022BDD,
FCE83605,
000000D2,
00000000,
00000000,
00000000,
F9FFFD5D,
00000073,
FB880000,
00009AFF,
00000000,
00000000,
00000000,
B9FDFCA6,
00000000,
D1000000,
0000CEFD,
00000000,
00000000,
13000000,
5CFDFCDC,
00000000,
74000000,
0000CEFD,
00000000,
00000000,
46000000,
11C0FCFC,
00000000,
74000000,
0019DFFD,
00000000,
00000000,
7A000000,
003FFCFC,
00000000,
74000000,
0045FCFD,
00000000,
00000000,
84000000,
0000FDFD,
00000000,
74000000,
0045FDFF,
00000000,
00000000,
B8000000,
0000FCFC,
00000000,
74000000,
0045FCFD,
00000000,
00000000,
B8000000,
0000FCFC,
00000000,
74000000,
0032F0FD,
00000000,
00000000,
B8000000,
0000FCFC,
00000000,
D2000000,
000070FD,
00000000,
00000000,
30000000,
009EFCE8,
00000000,
E6000000,
000008E8,
00000000,
00000000,
00000000,
32F4FD5D,
00000000,
FD9B0000,
000000A8,
00000000,
00000000,
00000000,
71FDA422,
00000000,
E7EC4200,
0000002A,
00000000,
00000000,
00000000,
F0DE2000,
26000086,
89FCEA5B,
00000000,
00000000,
00000000,
00000000,
B1190000,
E967CFF0,
23B0FCFC,
00000000,
00000000,
00000000,
00000000,
0F000000,
89FCB336,
00043689,
00000000,
00000000,
00000000,
00000000,
00000000,
00000000,
00000000,
00000000,
00000000,
00000000,
00000000,
00000000,
00000000,
00000000,
00000000,
00000000,
00000000,
00000000,
00000000,
00000000,
00000000,
00000000,
00000000,
00000000,
00000000,
00000000,
00000000,
00000000,
00000000,
00000000,
00000000,
00000000,
00000000,
00000000,
00000000,
00000000,
00000000,
00000000,
00000000,
00000000,
00000000,
00000000,
00000000,
00000000,
00000000,
00000000,
00000000,
00000000,
00000000,
00000000,
00000000,
00000000,
00000000,
00000000,
BFFF8000,
00000000,
00000000,
00000000,
00000000,
00000000,
00000000,
FFFFBF00,
00000040,
00000000,
00000000,
00000000,
00000000,
00000000,
FFFFFF00,
00000080,
00000000,
00000000,
00000000,
00000000,
00000000,
FFFFFF00,
00000000,
00000000,
00000000,
00000000,
00000000,
00000000,
FFFFFF00,
00000000,
00000000,
00000000,
00000000,
00000000,
00000000,
FFFF8000,
00000080,
00000000,
00000000,
00000000,
00000000,
00000000,
FFFFFF00,
00000080,
00000000,
00000000,
00000000,
00000000,
00000000,
FFFFFF00,
00000080,
00000000,
00000000,
00000000,
00000000,
00000000,
FFFFFF00,
00000080,
00000000,
00000000,
00000000,
00000000,
00000000,
FFFFFF00,
00000080,
00000000,
00000000,
00000000,
00000000,
00000000,
FFFFFF00,
00000000,
00000000,
00000000,
00000000,
00000000,
00000000,
FFFFFF00,
00000000,
00000000,
00000000,
00000000,
00000000,
00000000,
FFFFFF00,
00000000,
00000000,
00000000,
00000000,
00000000,
00000000,
FFFFFF00,
00000000,
00000000,
00000000,
00000000,
00000000,
00000000,
FFFFBF00,
00000080,
00000000,
00000000,
00000000,
00000000,
00000000,
FFFFBF00,
00000080,
00000000,
00000000,
00000000,
00000000,
00000000,
FFFFFF40,
00000080,
00000000,
00000000,
00000000,
00000000,
00000000,
FFFFFFBF,
00000080,
00000000,
00000000,
00000000,
00000000,
40000000,
40FFFFFF,
00000000,
00000000,
00000000,
00000000,
00000000,
40000000,
000080FF,
00000000,
00000000,
00000000,
00000000,
00000000,
00000000,
00000000,
00000000,
00000000,
00000000,
00000000,
00000000,
00000000,
00000000,
00000000,
00000000,
00000000,
00000000,
00000000,
00000000,
00000000,
00000000,
00000000,
00000000,
00000000,
00000000,
00000000,
00000000,
00000000,
00000000,
00000000,
00000000,
00000000,
00000000,
00000000,
00000000,
00000000,
00000000,
00000000,
00000000,
00000000,
00000000,
00000000,
00000000,
00000000,
00000000,
00000000,
00000000,
00000000,
00000000,
00000000,
00000000,
00000000,
00000000,
00000000,
00000000,
00000000,
00000000,
00000000,
00000000,
00000000,
00000000,
FDD68433,
A2CBFDFE,
00000029,
00000000,
00000000,
00000000,
CBCB8E66,
FCFDFCFD,
00004697,
00000000,
00000000,
00000000,
00000000,
CBF4FDFE,
0052668E,
00000000,
00000000,
00000000,
00000000,
00000000,
00CBFCAC,
00000000,
00000000,
00000000,
00000000,
00000000,
00000000,
1EEADF15,
00000000,
00000000,
00000000,
00000000,
00000000,
00000000,
32FD7A00,
00000000,
00000000,
00000000,
00000000,
00000000,
00000000,
5BFE7B00,
0A333333,
00000000,
00000000,
00000000,
00000000,
00000000,
FCFDDF15,
ACFDFCFD,
00000052,
00000000,
00000000,
00000000,
15000000,
A2CBFDD6,
DFCB6666,
0A33FDFE,
00000000,
00000000,
00000000,
3D000000,
0000ABFD,
14000000,
D4FDC070,
00000029,
00000000,
00000000,
00000000,
00000000,
00000000,
CB660000,
000033EA,
00000000,
00000000,
00000000,
00000000,
00000000,
14000000,
0052E8D5,
00000000,
00000000,
00000000,
00000000,
00000000,
00000000,
70EACB3E,
00000000,
00000000,
00000000,
00000000,
00000000,
00000000,
FCD51400,
00000000,
00000000,
00000000,
00000000,
00000000,
00000000,
FD990000,
00000000,
00000000,
00000000,
00000000,
00000000,
00000000,
D4E92900,
00000000,
00000000,
00000000,
00005C71,
00000000,
00000000,
28F4AD1F,
00000000,
00000000,
52000000,
000097FD,
00000000,
B7666615,
0051D4E9,
00000000,
00000000,
52000000,
98EAFDFF,
FDADC199,
D5FEFDFE,
0000148E,
00000000,
00000000,
00000000,
E8979747,
97C0D4FD,
0A323283,
00000000,
00000000,
00000000,
00000000,
00000000,
00000000,
00000000,
00000000,
00000000,
00000000,
00000000,
00000000,
00000000,
00000000,
00000000,
00000000,
00000000,
00000000,
00000000,
00000000,
00000000,
00000000,
00000000,
00000000,
00000000,
00000000,
00000000,
00000000,
00000000,
00000000,
00000000,
00000000,
00000000,
00000000,
00000000,
00000000,
00000000,
00000000,
00000000,
00000000,
00000000,
00000000,
00000000,
00000000,
00000000,
00000000,
00000000,
00000000,
00000000,
00000000,
00000000,
00000000,
00000000,
00000000,
00000000,
00000000,
00000000,
00000000,
00000000,
00000000,
00000000,
00000000,
00000000,
00000000,
00000000,
00000000,
00000000,
00000000,
00000000,
00000000,
00000000,
00000000,
00000000,
00000000,
40000000,
CDFFE592,
00000078,
00000000,
00000000,
00000000,
00000000,
FCC61800,
EBD8E1FD,
000059FC,
00000000,
00000000,
00000000,
00000000,
DFFDCD14,
1D000F46,
5702AECE,
00000126,
00000000,
00000000,
00000000,
06E3FD89,
00000000,
FD4C1C23,
000009FD,
00000000,
00000000,
58000000,
000CEBFB,
00000000,
FDEE2A00,
000001AE,
00000000,
00000000,
86000000,
0000C0FD,
00000000,
FDEE0E00,
000000A1,
00000000,
00000000,
A9000000,
00004AFD,
00000000,
FDF75500,
0000004B,
00000000,
00000000,
FA0A0000,
00002FFD,
00000000,
F1FDDB06,
0000001F,
00000000,
00000000,
FD0A0000,
00002FFD,
05000000,
8FFDFD48,
00000000,
00000000,
00000000,
DD060000,
000075FD,
76190000,
2FFDFDFD,
00000000,
00000000,
00000000,
1C000000,
68BBFEF2,
F4DC9F92,
12E0FEEF,
00000000,
00000000,
00000000,
00000000,
FDFDC94E,
439CD7F8,
009DFDF7,
00000000,
00000000,
00000000,
00000000,
38380500,
26000032,
004AFDFD,
00000000,
00000000,
00000000,
00000000,
00000000,
42000000,
0012FDFD,
00000000,
00000000,
00000000,
00000000,
00000000,
95000000,
0012FDFD,
00000000,
00000000,
00000000,
00000000,
00000000,
EE1E0000,
0004BFFD,
00000000,
00000000,
00000000,
00000000,
00000000,
FD420000,
000070FD,
00000000,
00000000,
00000000,
00000000,
00000000,
FD570000,
000003F4,
00000000,
00000000,
00000000,
00000000,
00000000,
FDAA0000,
000000C6,
00000000,
00000000,
00000000,
00000000,
00000000,
FDFE0000,
00000095,
00000000,
00000000,
00000000,
00000000,
00000000,
00000000,
00000000,
00000000,
00000000,
00000000,
00000000,
00000000,
00000000,
00000000,
00000000,
00000000,
00000000,
00000000,
00000000,
00000000,
00000000,
00000000,
00000000,
00000000,
00000000,
00000000,
00000000,
00000000,
00000000,
00000000,
00000000,
00000000,
00000000,
00000000,
00000000,
00000000,
00000000,
00000000,
00000000,
00000000,
00000000,
00000000,
00000000,
00000000,
00000000,
00000000,
00000000,
00000000,
00000000,
00000000,
00000000,
00000000,
00000000,
00000000,
00000000,
00000000,
00000000,
00000000,
00000000,
00000000,
00000000,
00000000,
00000000,
00000000,
00000000,
00000000,
FEFEF94A,
A7A7F5FE,
3C501988,
00000000,
00000000,
00000000,
00000000,
FEFEFE68,
FEFEFEFE,
FCFEF9FE,
274771C5,
00000000,
00000000,
00000000,
69876305,
C0C07269,
FEFEE9C0,
F6FEFEFE,
00000081,
00000000,
00000000,
00000000,
00000000,
72722D00,
FEFEFECB,
00000FF0,
00000000,
00000000,
00000000,
00000000,
00000000,
FE9B2308,
000082FE,
00000000,
00000000,
00000000,
00000000,
00000000,
FE240000,
000022F1,
00000000,
00000000,
00000000,
00000000,
00000000,
FE730000,
000076FE,
00000000,
00000000,
00000000,
00000000,
00000000,
FEF32200,
000011F0,
00000000,
00000000,
00000000,
00000000,
00000000,
FEFE6F00,
0000008B,
00000000,
00000000,
00000000,
00000000,
00000000,
F4FEF325,
00000028,
00000000,
00000000,
00000000,
00000000,
14000000,
71FEFEB0,
00000000,
00000000,
00000000,
00000000,
00000000,
8C000000,
02DCFEFE,
00000000,
00000000,
00000000,
00000000,
00000000,
FD580000,
002DF3FE,
00000000,
00000000,
00000000,
00000000,
00000000,
FEF13F00,
000053FE,
00000000,
00000000,
00000000,
00000000,
00000000,
FEFEF310,
00000593,
00000000,
00000000,
00000000,
00000000,
02000000,
CBFEFE6F,
00000005,
00000000,
00000000,
00000000,
00000000,
3A000000,
54FEFEFE,
00000000,
00000000,
00000000,
00000000,
00000000,
ED0E0000,
04C2FFFE,
00000000,
00000000,
00000000,
00000000,
00000000,
FE520000,
001BC2FE,
00000000,
00000000,
00000000,
00000000,
00000000,
E6270000,
00001CC1,
00000000,
00000000,
00000000,
00000000,
00000000,
00000000,
00000000,
00000000,
00000000,
00000000,
00000000,
00000000,
00000000,
00000000,
00000000,
00000000,
00000000,
00000000,
00000000,
00000000,
00000000,
00000000,
00000000,
00000000,
00000000,
00000000,
00000000,
00000000,
00000000,
00000000,
00000000,
00000000,
00000000,
00000000,
00000000,
00000000,
00000000,
00000000,
00000000,
290C0000,
00309292,
00000000,
00000000,
00000000,
00000000,
00000000,
FD810C00,
A3FAFDFD,
00000012,
00000000,
00000000,
00000000,
00000000,
FDFD8500,
FDFDFDFD,
000046E5,
00000000,
00000000,
00000000,
00000000,
FCFD6500,
ED6B6691,
0A80F7FD,
00000000,
00000000,
00000000,
00000000,
A7FDB500,
3D000000,
A3FDFDEB,
00000005,
00000000,
00000000,
00000000,
2BFDFF00,
00000000,
FDFDC13A,
000004A4,
00000000,
00000000,
00000000,
20FDBB00,
00000000,
FDEC3700,
000056FD,
00000000,
00000000,
00000000,
20FD9200,
57BE6400,
FD935757,
00007BFD,
00000000,
00000000,
00000000,
4EFD5E00,
FDFDF828,
FDFDFDFD,
0F54DFFD,
00000000,
00000000,
00000000,
0C5C0E00,
FDFDF023,
FDFDFDFD,
F4FDFDFD,
00000A59,
00000000,
00000000,
00000000,
B3A14B00,
FDFDFDFD,
FDFDFDFD,
002BD1FD,
00000000,
00000000,
00000000,
03000000,
26271010,
F3911010,
30B9FDFD,
00000000,
00000000,
00000000,
003A1400,
00000000,
3A000000,
B7FDFDD1,
00000000,
00000000,
00000000,
4FF7DD4D,
00000000,
00000000,
F0FDDB0D,
00000048,
00000000,
00000000,
FCFDF75A,
00000039,
00000000,
FDFB3500,
000000BF,
00000000,
00000000,
FDFD7400,
0000003B,
00000000,
FDFC6300,
00000091,
00000000,
00000000,
FDBC0E00,
00269EDD,
6F000000,
FDFDF6D3,
00000091,
00000000,
00000000,
DD0C0000,
F9FBFDF6,
FDF9F9F9,
C8FDFDFD,
00000013,
00000000,
00000000,
00000000,
FDE4B75F,
FDFDFDFD,
177CC3FD,
00000000,
00000000,
00000000,
00000000,
25180000,
587E4A8A,
00000725,
00000000,
00000000,
00000000,
00000000,
00000000,
00000000,
00000000,
00000000,
00000000,
00000000,
00000000,
00000000,
00000000,
00000000,
00000000,
00000000,
00000000,
00000000,
00000000,
00000000,
00000000,
00000000,
00000000,
00000000,
00000000,
00000000,
00000000,
00000000,
00000000,
00000000,
00000000,
00000000,
00000000,
00000000,
00000000,
00000000,
00000000,
00000000,
00000000,
00000000,
00000000,
00000000,
00000000,
00000000,
00000000,
00000000,
00000000,
00000000,
00000000,
00000000,
00000000,
00000000,
00000000,
00000000,
00000000,
00000000,
00000000,
00000000,
00000000,
00000000,
00000000,
00000000,
00000000,
00000000,
00000000,
00000000,
00000000,
00000000,
5BA80000,
00000000,
00000000,
00000000,
00000000,
00000000,
00000000,
7EEA0200,
00000000,
00000000,
00000000,
00000000,
00000000,
00000000,
7EFE3300,
00000000,
00000000,
00000000,
00000000,
1FB22600,
00000000,
51FE3300,
00000000,
00000000,
00000000,
00000000,
53FE5E00,
00000000,
36FE5700,
00000000,
00000000,
00000000,
00000000,
38FEA000,
00000000,
04EEBD00,
00000000,
00000000,
00000000,
00000000,
02A8E30D,
00000000,
00ECC200,
00000000,
00000000,
00000000,
00000000,
0072FE37,
00000000,
00A7EB10,
00000000,
00000000,
00000000,
00000000,
0032FE73,
00000000,
0069FE67,
00000000,
00000000,
00000000,
07000000,
9C4BECDD,
FCFCBEB4,
0072FEFD,
00000000,
00000000,
00000000,
0F000000,
FCFEFEFE,
B3B3B3D3,
5EF7FEF6,
00000000,
00000000,
00000000,
08000000,
1675EFD9,
00000000,
C5F2FEE2,
00000000,
00000000,
00000000,
00000000,
0000120E,
1B000000,
252ECFF3,
00000000,
00000000,
00000000,
00000000,
00000000,
63000000,
000084FE,
00000000,
00000000,
00000000,
00000000,
00000000,
74000000,
000043FE,
00000000,
00000000,
00000000,
00000000,
00000000,
74000000,
00003DFE,
00000000,
00000000,
00000000,
00000000,
00000000,
74000000,
00003DFE,
00000000,
00000000,
00000000,
00000000,
00000000,
AE000000,
000064FF,
00000000,
00000000,
00000000,
00000000,
00000000,
BB000000,
000053FE,
00000000,
00000000,
00000000,
00000000,
00000000,
73000000,
00000AB0,
00000000,
00000000,
00000000,
00000000,
00000000,
00000000,
00000000,
00000000,
00000000,
00000000,
00000000,
00000000,
00000000,
00000000,
00000000,
00000000,
00000000,
00000000,
00000000,
00000000,
00000000,
00000000,
00000000,
00000000,
00000000,
00000000,
00000000,
00000000,
00000000,
00000000,
00000000,
00000000,
00000000,
00000000,
00000000,
00000000,
00000000,
00000000,
00000000,
00000000,
00000000,
00000000,
00000000,
00000000,
00000000,
00000000,
00000000,
00000000,
00000000,
00000000,
00000000,
00000000,
00000000,
00000000,
00000000,
00000000,
00000000,
00000000,
00000000,
00000000,
00000000,
00000000,
00000000,
00000000,
00000000,
00000000,
00000000,
00000000,
1F000000,
002CC18C,
00000000,
00000000,
00000000,
00000000,
00000000,
F0922600,
30E4FEFE,
00002E4D,
00000000,
00000000,
00000000,
02000000,
FEFEE62B,
F1FEFEFE,
0002C5FE,
00000000,
00000000,
00000000,
82150000,
EFFEFEFE,
FEFEFEFC,
0004EDFE,
00000000,
00000000,
00000000,
FE9A0000,
4768F9FE,
FEFEFEC6,
000039EA,
00000000,
00000000,
00000000,
FCFCAD02,
D77833CE,
FEFEFEFE,
000000B8,
00000000,
00000000,
00000000,
D7FEFE70,
FEFEF757,
D9FEFEFE,
0000001F,
00000000,
00000000,
05000000,
FEFEFEE7,
80ECFEFE,
77FEFEC4,
00000000,
00000000,
00000000,
03000000,
F5FEFEC5,
2E1183EE,
0EC7FEF7,
00000000,
00000000,
00000000,
00000000,
28585C10,
AD0C0000,
0026F2FE,
00000000,
00000000,
00000000,
00000000,
00000000,
FE5F0000,
00009BFE,
00000000,
00000000,
00000000,
00000000,
00000000,
FED21200,
000006E1,
00000000,
00000000,
00000000,
00000000,
00000000,
FEFEC500,
00000063,
00000000,
00000000,
00000000,
00000000,
00000000,
B3FEF222,
00000003,
00000000,
00000000,
00000000,
00000000,
1B000000,
1EE1FEDF,
00000000,
00000000,
00000000,
00000000,
00000000,
4D000000,
007FFFFE,
00000000,
00000000,
00000000,
00000000,
00000000,
EE360000,
0035F8FE,
00000000,
00000000,
00000000,
00000000,
00000000,
FEB70B00,
0029E7FE,
00000000,
00000000,
00000000,
00000000,
00000000,
FEFE7100,
000030E6,
00000000,
00000000,
00000000,
00000000,
00000000,
7EEF6E00,
00000019,
00000000,
00000000,
00000000,
00000000,
00000000,
00000000,
00000000,
00000000,
00000000,
00000000,
00000000,
00000000,
00000000,
00000000,
00000000,
00000000,
00000000,
00000000,
00000000,
00000000,
00000000,
00000000,
00000000,
00000000,
00000000,
00000000,
00000000,
00000000,
00000000,
00000000,
00000000,
00000000,
00000000,
00000000,
00000000,
00000000,
00000000,
00000000,
00000000,
00000000,
00000000,
F4FDB431,
00000032,
00000000,
00000000,
00000000,
00000000,
00000000,
E8FCFCB8,
000000A4,
00000000,
00000000,
00000000,
00000000,
42000000,
2688FCEA,
00000038,
00000000,
00000000,
00000000,
00000000,
EC130000,
0004B0FC,
00000000,
00000000,
00000000,
00000000,
00000000,
FC4C0000,
000038FC,
00000000,
00000000,
00000000,
00000000,
00000000,
FD8B0000,
000000AD,
00000000,
00000000,
00000000,
00000000,
00000000,
FCD41600,
00000045,
00000000,
00000000,
00000000,
00000000,
00000000,
F0FD7400,
00000032,
00000000,
00000000,
00000000,
00000000,
00000000,
CEFD9D00,
00000000,
00000000,
00000000,
00000000,
00000000,
00000000,
66FDE600,
00000000,
00000000,
00000000,
00000000,
00000000,
00000000,
B4FFE700,
FFFDB48A,
0361DEFD,
00000000,
00000000,
00000000,
00000000,
FCFDE600,
D3FCFCFC,
75FCFCFC,
00000000,
00000000,
00000000,
00000000,
F0FDE600,
074559B7,
FCFCAB45,
00000055,
00000000,
00000000,
00000000,
99FD8700,
00000000,
FCD70D00,
00000074,
00000000,
00000000,
00000000,
CEFD7400,
00000000,
FC9B0000,
00000074,
00000000,
00000000,
00000000,
D3FF6A00,
00000007,
FDE93100,
00000074,
00000000,
00000000,
00000000,
FC9F0000,
0000099A,
FCFCC51E,
0000005F,
00000000,
00000000,
00000000,
E3110000,
51469AFC,
82E3FCE4,
00000000,
00000000,
00000000,
00000000,
32000000,
FDFCFCE3,
0032B9FC,
00000000,
00000000,
00000000,
00000000,
00000000,
BEFCB330,
00000675,
00000000,
00000000,
00000000,
00000000,
00000000,
00000000,
00000000,
00000000,
00000000,
00000000,
00000000,
00000000,
00000000,
00000000,
00000000,
00000000,
00000000,
00000000,
00000000,
00000000,
00000000,
00000000,
00000000,
00000000,
00000000,
00000000,
00000000,
00000000,
00000000,
00000000,
00000000,
00000000,
00000000,
00000000,
00000000,
00000000,
00000000,
00000000,
00000000,
00000000,
00000000,
00000000,
00000000,
00000000,
00000000,
00000000,
00000000,
00000000,
00000000,
00000000,
00000000,
00000000,
00000000,
00000000,
00000000,
00000000,
00000000,
00000000,
00000000,
00000000,
39FF7200,
00000000,
00000000,
00000000,
00000000,
00000000,
00000000,
39FFE200,
00000000,
00000000,
00000000,
00000000,
00000000,
00000000,
0072FF1D,
00000000,
00000000,
00000000,
00000000,
00000000,
00000000,
0056FF72,
00000000,
00000000,
00000000,
00000000,
00000000,
00000000,
001DFFC6,
00000000,
00000000,
00000000,
00000000,
00000000,
1D000000,
0000E2FF,
00000000,
00000000,
00000000,
00000000,
00000000,
8D000000,
00008DFF,
00000000,
8D565639,
00000039,
00000000,
00000000,
AA000000,
000056FF,
39000000,
FFFFFFE2,
000039FF,
00000000,
00000000,
AA000000,
000056FF,
AA000000,
3972FFFF,
0000C6E2,
00000000,
00000000,
AA000000,
000056FF,
FF390000,
000056FF,
0000FFAA,
00000000,
00000000,
AA000000,
000056FF,
FFAA0000,
00000056,
0056FFAA,
00000000,
00000000,
8D000000,
000072FF,
C6FF1D00,
00000000,
0056FFAA,
00000000,
00000000,
1D000000,
0000FFFF,
72FFAA00,
00000000,
0000E2C6,
00000000,
00000000,
00000000,
0072FFC6,
56FFAA00,
56000000,
000072FF,
00000000,
00000000,
00000000,
AAFFFF56,
1DFFFF39,
E2560000,
00001DE2,
00000000,
00000000,
00000000,
FFE27200,
56FFFFFF,
FFFFAA56,
00000039,
00000000,
00000000,
00000000,
8D1D0000,
FFFFFFFF,
1DC6FFFF,
00000000,
00000000,
00000000,
00000000,
00000000,
FFFFE200,
0000568D,
00000000,
00000000,
00000000,
00000000,
00000000,
FFFF8D00,
0039AAAA,
00000000,
00000000,
00000000,
00000000,
00000000,
E28D0000,
001D72AA,
00000000,
00000000,
00000000,
00000000,
00000000,
00000000,
00000000,
00000000,
00000000,
00000000,
00000000,
00000000,
00000000,
00000000,
00000000,
00000000,
00000000,
00000000,
00000000,
00000000,
00000000,
00000000,
00000000,
00000000,
00000000,
00000000,
00000000,
00000000,
00000000,
00000000,
00000000,
00000000,
00000000,
00000000,
00000000,
00000000,
00000000,
00000000,
00000000,
00000000,
00000000,
00000000,
00000000,
00000000,
00000000,
00000000,
00000000,
00000000,
00000000,
00000000,
00000000,
00000000,
00000000,
00000000,
00000000,
00000000,
00000000,
00000000,
00000000,
00000000,
00000000,
00000000,
00000000,
00000000,
00000000,
00000000,
00000000,
00000000,
00000000,
00000000,
00000000,
00000000,
00000000,
00000000,
00000000,
00000000,
FEED9845,
FCFEFFFE,
00000034,
00000000,
00000000,
00000000,
EDA45700,
8ADAFEFD,
FE9A2753,
00000087,
00000000,
00000000,
8A000000,
D8FEFDF6,
000536A7,
BF640000,
00000003,
00000000,
00000000,
E9000000,
0635A9FE,
00000000,
08230000,
00000000,
00000000,
00000000,
AE000000,
00005EFE,
00000000,
00000000,
00000000,
00000000,
00000000,
F5260000,
00000DDD,
00000000,
00000000,
00000000,
00000000,
00000000,
FE8E0000,
00000095,
00000000,
00000000,
00000000,
00000000,
00000000,
FE970000,
00000070,
00000000,
00000000,
00000000,
00000000,
00000000,
F2E20000,
00000020,
00000000,
00000000,
00000000,
00000000,
00000000,
CBF00C00,
2C2C2C2C,
00000008,
00000000,
00000000,
00000000,
00000000,
FEFE4600,
FEFEFEFE,
000855CD,
00000000,
00000000,
00000000,
00000000,
A9B82500,
D4A28585,
08A6FEFE,
00000000,
00000000,
00000000,
00000000,
00000000,
09000000,
7DFEB133,
00000000,
00000000,
00000000,
00000000,
00000000,
00000000,
68FED11B,
00000000,
00000000,
00000000,
00000000,
00000000,
3F000000,
0DC2FED1,
00000000,
00000000,
00000000,
00000000,
06000000,
F4890A00,
0034C6FE,
00000000,
00000000,
00000000,
00000000,
7A570D00,
F7FEDF93,
00000D7F,
00000000,
00000000,
00000000,
03000000,
F8D2FA76,
31C7FCFE,
00000000,
00000000,
00000000,
00000000,
8A000000,
FAFEFEFE,
000048C9,
00000000,
00000000,
00000000,
00000000,
4F000000,
0757C5A7,
00000000,
00000000,
00000000,
00000000,
00000000,
00000000,
00000000,
00000000,
00000000,
00000000,
00000000,
00000000,
00000000,
00000000,
00000000,
00000000,
00000000,
00000000,
00000000,
00000000,
00000000,
00000000,
00000000,
00000000,
00000000,
00000000,
00000000,
00000000,
00000000,
00000000,
00000000,
00000000,
00000000,
00000000,
00000000,
00000000,
00000000,
00000000,
00000000,
00000000,
00000000,
00000000,
00000000,
00000000,
00000000,
00000000,
00000000,
00000000,
00000000,
00000000,
00000000,
00000000,
00000000,
00000000,
00000000,
00000000,
00000000,
00000000,
00000000,
00000000,
00000000,
00000000,
C5000000,
0000003C,
00000000,
00000000,
00000000,
00000000,
00000000,
F3320000,
0000002A,
00000000,
00000000,
00000000,
00000000,
00000000,
ECBA0200,
00000015,
00005386,
00000000,
00000000,
00000000,
00000000,
1AD55800,
00000000,
0000AA81,
00000000,
00000000,
00000000,
00000000,
00788000,
00000000,
0000D15B,
00000000,
00000000,
00000000,
00000000,
0070EA20,
00000000,
001EF25B,
00000000,
00000000,
00000000,
00000000,
0015DE74,
00000000,
003AF4AA,
00000000,
00000000,
00000000,
1E000000,
00007CF0,
28000000,
00008AF9,
00000000,
00000000,
00000000,
7F030000,
000012F1,
0F000000,
000086E6,
00000000,
00000000,
00000000,
FE100000,
000000B3,
00000000,
000086A5,
00000000,
00000000,
00000000,
BF090000,
146588E9,
00000000,
1F1FD771,
0000021F,
00000000,
00000000,
08000000,
DAC28059,
D2D3D2D2,
CCFEFEE2,
00000778,
00000000,
00000000,
00000000,
0A000000,
5A5A250F,
0522F1C4,
00000000,
00000000,
00000000,
00000000,
00000000,
00000000,
0010E9A5,
00000000,
00000000,
00000000,
00000000,
00000000,
00000000,
00008FA5,
00000000,
00000000,
00000000,
00000000,
00000000,
00000000,
0000BC5B,
00000000,
00000000,
00000000,
00000000,
00000000,
00000000,
0022E95B,
00000000,
00000000,
00000000,
00000000,
00000000,
00000000,
003DFE14,
00000000,
00000000,
00000000,
00000000,
00000000,
00000000,
00DBD104,
00000000,
00000000,
00000000,
00000000,
00000000,
00000000,
00A66B00,
00000000,
00000000,
00000000,
00000000,
00000000,
00000000,
00000000,
00000000,
00000000,
00000000,
00000000,
00000000,
00000000,
00000000,
00000000,
00000000,
00000000,
00000000,
00000000,
00000000,
00000000,
00000000,
00000000,
00000000,
00000000,
00000000,
00000000,
00000000,
00000000,
00000000,
00000000,
00000000,
00000000,
00000000,
00000000,
00000000,
00000000,
00000000,
00000000,
00000000,
00000000,
00000000,
00000000,
00000000,
00000000,
00000000,
00000000,
00000000,
00000000,
00000000,
00000000,
00000000,
00000000,
00000000,
C3500300,
50505055,
0000000E,
00000000,
00000000,
00000000,
00000000,
FDFD0900,
FDFDFDFD,
00000098,
00000000,
00000000,
00000000,
383E0B00,
FDFD0900,
FDFDFDFD,
0039EDFB,
00000000,
00000000,
00000000,
F1FD8D00,
FDA10453,
FDFDFDFD,
003CFDFD,
00000000,
00000000,
0B000000,
FDFDF88D,
D1490093,
FDFDFDFC,
00D4FDFD,
00000000,
00000000,
93000000,
FDFDFDFD,
000022C7,
C28EFDA0,
4DF4FDFD,
00000000,
00000000,
FA880900,
FDFDFDFD,
000045FD,
1B05340F,
9CFDFDC9,
00000000,
00000000,
FDFD5000,
FDFDFDFD,
000029D1,
00000000,
C4FDFD24,
00000021,
00000000,
FDFD5600,
EAFDFDFD,
00000029,
00000000,
FDFDFD2A,
0000004E,
00000000,
FDFDFE00,
A5FDFDFD,
00000000,
00000000,
FDFDFDD3,
0000004E,
00000000,
FDFDFE00,
12ACFDFD,
00000000,
00000000,
FDFDFDD3,
0000004E,
00000000,
FDFDFE00,
0004D2FD,
00000000,
F6E52A00,
9FFDFDFC,
00000003,
00000000,
FDFDFE00,
0000D1FD,
63000000,
FDFDD295,
41F2FDFD,
00000000,
00000000,
FDFDFF00,
3535DAFD,
F4E4B435,
FDFDFDFD,
004DFDFD,
00000000,
00000000,
FDFDA300,
FDFDFDFD,
FDFDFDFD,
FDFDFDFD,
001DC1FD,
00000000,
00000000,
FDFD5000,
FDFDFDFD,
FDFDFDFD,
EAFDFDFD,
000018C1,
00000000,
00000000,
FDD22C00,
FDFDFDFD,
FDFDFDFD,
43E5FDFD,
00000000,
00000000,
00000000,
E4260000,
FDFDFDFD,
FDFDFDFD,
0041EBF8,
00000000,
00000000,
00000000,
27000000,
FDFDFDD2,
BDFDFDFD,
00000072,
00000000,
00000000,
00000000,
00000000,
FDFD6C2B,
1B4E4EB3,
00000000,
00000000,
00000000,
00000000,
00000000,
00000000,
00000000,
00000000,
00000000,
00000000,
00000000,
00000000,
00000000,
00000000,
00000000,
00000000,
00000000,
00000000,
00000000,
00000000,
00000000,
00000000,
00000000,
00000000,
00000000,
00000000,
00000000,
00000000,
00000000,
00000000,
00000000,
00000000,
00000000,
00000000,
00000000,
00000000,
00000000,
00000000,
00000000,
00000000,
00000000,
00000000,
00000000,
00000000,
00000000,
00000000,
00000000,
00000000,
00000000,
00000000,
00000000,
00000000,
00000000,
00000000,
00000000,
00000000,
00000000,
00000000,
00000000,
00000000,
00000000,
00000000,
00000000,
00000000,
00000000,
00000000,
00000000,
00000000,
00000000,
00000000,
00000000,
00000000,
00000000,
00000000,
00000000,
00000000,
00000000,
00000000,
00000000,
00000000,
00000000,
00000000,
00000000,
00000000,
00000000,
00000000,
00000000,
00000000,
00150000,
5C0B0000,
FDFEFDAD,
003EFDFE,
00000000,
00000000,
00000000,
008E0000,
FCD56615,
838397E9,
008EFCFD,
00000000,
00000000,
00000000,
9898A300,
66B7E9D6,
00000000,
32FFFD84,
00000000,
00000000,
00000000,
FCFDF352,
00001E83,
00000000,
83FDD40A,
00000000,
00000000,
00000000,
1466CB7B,
00000000,
00000000,
97FFCB00,
00000000,
00000000,
00000000,
00000000,
00000000,
00000000,
97FDA200,
00000000,
00000000,
00000000,
00000000,
00000000,
00000000,
97FE6600,
00000000,
00000000,
00000000,
00000000,
00000000,
00000000,
97FD6600,
00000000,
00000000,
00000000,
00000000,
00000000,
00000000,
5BFEA300,
00000000,
00000000,
00000000,
00000000,
00000000,
00000000,
32FDCB00,
00000000,
00000000,
00000000,
00000000,
00000000,
00000000,
00CBCB00,
00000000,
00000000,
00000000,
00000000,
00000000,
00000000,
007ADF15,
00000000,
00000000,
00000000,
00000000,
00000000,
00000000,
0066FD48,
00000000,
00000000,
00000000,
00000000,
00000000,
00000000,
0066FCE9,
00000000,
00000000,
00000000,
00000000,
00000000,
00000000,
0000E9FE,
00000000,
00000000,
00000000,
00000000,
00000000,
29000000,
000097FD,
00000000,
00000000,
00000000,
00000000,
00000000,
7B000000,
000032FE,
00000000,
00000000,
00000000,
00000000,
00000000,
DF150000,
00001EE9,
00000000,
00000000,
00000000,
00000000,
00000000,
FD330000,
000000B7,
00000000,
00000000,
00000000,
00000000,
00000000,
FC330000,
00000014,
00000000,
00000000,
00000000,
00000000,
00000000,
00000000,
00000000,
00000000,
00000000,
00000000,
00000000,
00000000,
00000000,
00000000,
00000000,
00000000,
00000000,
00000000,
00000000,
00000000,
00000000,
00000000,
00000000,
00000000,
00000000,
00000000,
00000000,
00000000,
00000000,
00000000,
00000000,
00000000,
00000000,
00000000,
00000000,
00000000,
00000000,
00000000,
00000000,
00000000,
000073DD,
00000000,
00000000,
00000000,
00000000,
00000000,
33000000,
000094FE,
E6160000,
00000086,
00000000,
00000000,
00000000,
A8000000,
000073FE,
FD180000,
000000B8,
00000000,
00000000,
00000000,
EA330000,
000051FE,
FD5B0000,
000000B8,
00000000,
00000000,
00000000,
FEDD0D00,
000000A0,
FE8D0000,
0000007F,
00000000,
00000000,
00000000,
FDFD7200,
0000004C,
FDCF0000,
0000005D,
00000000,
00000000,
00000000,
66FDE80F,
00000000,
FDCF0000,
00000011,
00000000,
00000000,
00000000,
13CAFDE5,
00000000,
FDF02200,
00000000,
00000000,
00000000,
AA070000,
002EFEFE,
00000000,
FEFE2F00,
00000000,
00000000,
00000000,
FD180000,
A3EAFDFE,
001A2F2F,
FDFD8200,
00000000,
00000000,
00000000,
F6150000,
FDFDFDFE,
AEE8FDFE,
B1FDE8D0,
00000000,
00000000,
00000000,
54000000,
DBDBD3A1,
FDFDFDFE,
45F4FDFE,
00000000,
00000000,
00000000,
00000000,
00000000,
5D8E8E5D,
00E6FEAA,
00000000,
00000000,
00000000,
00000000,
00000000,
00000000,
00D5FD99,
00000000,
00000000,
00000000,
00000000,
00000000,
00000000,
0089FDAA,
00000000,
00000000,
00000000,
00000000,
00000000,
00000000,
0089FDDC,
00000000,
00000000,
00000000,
00000000,
00000000,
3C000000,
0050FEFF,
00000000,
00000000,
00000000,
00000000,
00000000,
5D000000,
002EFDFE,
00000000,
00000000,
00000000,
00000000,
00000000,
33000000,
0009D7FE,
00000000,
00000000,
00000000,
00000000,
00000000,
00000000,
00006ABA,
00000000,
00000000,
00000000,
00000000,
00000000,
00000000,
00000000,
00000000,
00000000,
00000000,
00000000,
00000000,
00000000,
00000000,
00000000,
00000000,
00000000,
00000000,
00000000,
00000000,
00000000,
00000000,
00000000,
00000000,
00000000,
00000000,
00000000,
00000000,
00000000,
00000000,
00000000,
00000000,
00000000,
00000000,
00000000,
00000000,
00000000,
00000000,
00000000,
00000000,
00000000,
00000000,
00000000,
00000000,
00000000,
00000000,
00000000,
00000000,
00000000,
00000000,
00000000,
00000000,
00000000,
00000000,
00000000,
00000000,
00000000,
00000000,
00000000,
00000000,
FEFF2000,
FEFEFEFF,
0158829D,
00000000,
00000000,
00000000,
00000000,
FDFD2000,
FDFDFDFD,
6CFDFDFD,
00000002,
00000000,
00000000,
00000000,
EE810E00,
FDFDFDFD,
FDFDFDFD,
0000001E,
00000000,
00000000,
00000000,
38000000,
EBA7F8FD,
FDFDFDFD,
00000068,
00000000,
00000000,
00000000,
B2050000,
1B00B6FD,
FDFDF786,
00000FD7,
00000000,
00000000,
00000000,
FD820500,
00001BDE,
FDFDBA00,
000018FD,
00000000,
00000000,
00000000,
FDFD2000,
0000007A,
FDF64300,
00006AFD,
00000000,
00000000,
00000000,
C7FD7500,
00000019,
FDBB0000,
000094FD,
00000000,
00000000,
00000000,
43F5E12E,
00000000,
FD580000,
000094FD,
00000000,
00000000,
00000000,
00B9FD95,
00000000,
FD580000,
000094FD,
00000000,
00000000,
0F000000,
005DFDE4,
00000000,
FD580000,
000094FD,
00000000,
00000000,
13000000,
005DFDFD,
00000000,
FD580000,
000094FD,
00000000,
00000000,
13000000,
005DFDFD,
00000000,
FD580000,
00006DFD,
00000000,
00000000,
13000000,
0086FDFD,
00000000,
FD580000,
000010DB,
00000000,
00000000,
13000000,
20E6FDFD,
00000000,
FD840000,
0000009A,
00000000,
00000000,
13000000,
E9FDFDFD,
644A0078,
D9F8C864,
00000021,
00000000,
00000000,
02000000,
FDFDFD9F,
FDF7E6F9,
6DFDFDFD,
00000000,
00000000,
00000000,
00000000,
FDFDFD5F,
FDFDFDFD,
0376FDFD,
00000000,
00000000,
00000000,
00000000,
FDFD2902,
FDFDFDFD,
000277FD,
00000000,
00000000,
00000000,
00000000,
58331000,
0563A5D6,
00000105,
00000000,
00000000,
00000000,
00000000,
00000000,
00000000,
00000000,
00000000,
00000000,
00000000,
00000000,
00000000,
00000000,
00000000,
00000000,
00000000,
00000000,
00000000,
00000000,
00000000,
00000000,
00000000,
00000000,
00000000,
00000000,
00000000,
00000000,
00000000,
00000000,
00000000,
00000000,
00000000,
00000000,
00000000,
00000000,
00000000,
00000000,
00000000,
00000000,
00000000,
00000000,
00000000,
00000000,
00000000,
00000000,
00000000,
00000000,
00000000,
00000000,
00000000,
00000000,
00000000,
00000000,
DA000000,
00000BFD,
00000000,
00000000,
00000000,
00000000,
00000000,
D9000000,
00005CFC,
00000000,
00000000,
00000000,
00000000,
00000000,
C8000000,
0000FCFC,
00000000,
00000000,
00000000,
00000000,
00000000,
4F000000,
0018FACC,
00000000,
00000000,
00000000,
00000000,
00000000,
00000000,
0095F94F,
00000000,
00000000,
00000000,
00000000,
00000000,
00000000,
00F1FC6D,
00000000,
00000000,
00000000,
00000000,
00000000,
00000000,
00F1FCCF,
00000000,
00000000,
00000000,
00000000,
00000000,
00000000,
00F1FC7E,
00000000,
00000000,
00000000,
00000000,
00000000,
00000000,
00F1FCA0,
00000000,
00000000,
00000000,
00000000,
00000000,
00000000,
67FDFCE5,
00000000,
00000000,
00000000,
00000000,
00000000,
00000000,
ABFFB835,
00000000,
00000000,
00000000,
00000000,
00000000,
00000000,
E4FD7900,
00000000,
00000000,
00000000,
00000000,
00000000,
00000000,
E4FD7900,
00000000,
00000000,
00000000,
00000000,
00000000,
00000000,
E4FD7900,
00000000,
00000000,
00000000,
00000000,
00000000,
00000000,
E4FD7900,
00000000,
00000000,
00000000,
00000000,
00000000,
00000000,
EBFDD500,
0000001C,
00000000,
00000000,
00000000,
00000000,
00000000,
FCFDC900,
00000060,
00000000,
00000000,
00000000,
00000000,
00000000,
FCFD7900,
00000060,
00000000,
00000000,
00000000,
00000000,
00000000,
FCFD7900,
00000060,
00000000,
00000000,
00000000,
00000000,
00000000,
F1C34000,
00000032,
00000000,
00000000,
00000000,
00000000,
00000000,
00000000,
00000000,
00000000,
00000000,
00000000,
00000000,
00000000,
00000000,
00000000,
00000000,
00000000,
00000000,
00000000,
00000000,
00000000,
00000000,
00000000,
00000000,
00000000,
00000000,
00000000,
00000000,
00000000,
00000000,
00000000,
00000000,
00000000,
00000000,
00000000,
00000000,
00000000,
00000000,
00000000,
00000000,
00000000,
00000000,
00000000,
00000000,
00000000,
00000000,
00000000,
00000000,
00000000,
00000000,
00000000,
00000000,
00000000,
00000000,
00000000,
00000000,
00000000,
00000000,
00000000,
00000000,
00000000,
00000000,
00000000,
00000000,
00000000,
00000000,
00000000,
00000000,
00000000,
00000000,
00000000,
00000000,
00000000,
00000000,
15000000,
FDFEC171,
ACFEFDFE,
00000052,
00000000,
00000000,
00000000,
B7000000,
FCFDFCFD,
FCFDFCFD,
000028F3,
00000000,
00000000,
00000000,
CB000000,
66B7E9FF,
FDEACBCB,
000097FE,
00000000,
00000000,
00000000,
51000000,
00003297,
FCC12900,
00006FFD,
00000000,
00000000,
00000000,
00000000,
00000000,
FDFED50B,
000000CB,
00000000,
00000000,
00000000,
00000000,
7B000000,
FCFDFCD5,
00000051,
00000000,
00000000,
00000000,
00000000,
FD330000,
97FEFDFE,
00000015,
00000000,
00000000,
00000000,
00000000,
D40A0000,
E8FDFCFD,
00527ADF,
00000000,
00000000,
00000000,
00000000,
00000000,
FDFEDF7B,
47FEFDFE,
00000000,
00000000,
00000000,
00000000,
00000000,
83321400,
C0FDFCD5,
00000000,
00000000,
00000000,
00000000,
00000000,
00000000,
FDFEA215,
00000066,
00000000,
00000000,
00000000,
00000000,
00000000,
FCFDCB15,
0000003D,
00000000,
00000000,
00000000,
00000000,
00000000,
5BFEFD84,
00000000,
00000000,
00000000,
00000000,
00000000,
8E150000,
1EE9FCFD,
00000000,
00000000,
00000000,
00000000,
00000000,
FDD62900,
0000D5FE,
00000000,
00000000,
00000000,
00000000,
00000000,
FCFDF3A3,
00000AAC,
00000000,
00000000,
00000000,
00000000,
FDADAD0B,
51E0FDFF,
00000000,
00000000,
00000000,
00000000,
00000000,
FCFDFC84,
0014ABFD,
00000000,
00000000,
00000000,
00000000,
00000000,
CBF4FD99,
00000052,
00000000,
00000000,
00000000,
00000000,
00000000,
007AC05C,
00000000,
00000000,
00000000,
00000000,
00000000,
00000000,
00000000,
00000000,
00000000,
00000000,
00000000,
00000000,
00000000,
00000000,
00000000,
00000000,
00000000,
00000000,
00000000,
00000000,
00000000,
00000000,
00000000,
00000000,
00000000,
00000000,
00000000,
00000000,
00000000,
00000000,
00000000,
00000000,
00000000,
00000000,
00000000,
00000000,
00000000,
00000000,
00000000,
00000000,
00000000,
00000000,
00000000,
00000000,
00000000,
00000000,
00000000,
00000000,
00000000,
00000000,
00000000,
00000000,
00000000,
00000000,
00000000,
00000000,
001EC1CB,
00000000,
00000000,
00000000,
00000000,
00000000,
00000000,
0083FDCB,
00000000,
00000000,
00000000,
00000000,
00000000,
00000000,
0097FE66,
00000000,
00000000,
00000000,
00000000,
00000000,
00000000,
0097FD66,
00000000,
00000000,
00000000,
00000000,
00000000,
00000000,
00FDFE29,
00000000,
00000000,
00000000,
00000000,
00000000,
00000000,
52FCFD00,
00000000,
00000000,
00000000,
00000000,
00000000,
00000000,
CBFD9800,
00000000,
00000000,
00000000,
00000000,
00000000,
00000000,
CBFC9800,
00000000,
00000000,
00000000,
00000000,
00000000,
00000000,
D6FD5C00,
0000000A,
00000000,
00000000,
00000000,
00000000,
00000000,
FDD40A00,
00000032,
00000000,
00000000,
00000000,
00000000,
00000000,
FECB0000,
00000070,
00000000,
00000000,
00000000,
00000000,
00000000,
FDA20000,
00000097,
00000000,
00000000,
00000000,
00000000,
00000000,
FE660000,
00000097,
00000000,
00000000,
00000000,
00000000,
00000000,
FD660000,
000000C0,
00000000,
00000000,
00000000,
00000000,
00000000,
FE660000,
000000FD,
00000000,
00000000,
00000000,
00000000,
00000000,
FD660000,
000000FC,
00000000,
00000000,
00000000,
00000000,
00000000,
FF290000,
000000FD,
00000000,
00000000,
00000000,
00000000,
00000000,
FD000000,
000000FC,
00000000,
00000000,
00000000,
00000000,
00000000,
AD000000,
00003EFD,
00000000,
00000000,
00000000,
00000000,
00000000,
33000000,
000066FC,
00000000,
00000000,
00000000,
00000000,
00000000,
00000000,
00000000,
00000000,
00000000,
00000000,
00000000,
00000000,
00000000,
00000000,
00000000,
00000000,
00000000,
00000000,
00000000,
00000000,
00000000,
00000000,
00000000,
00000000,
00000000,
00000000,
00000000,
00000000,
00000000,
00000000,
00000000,
00000000,
00000000,
00000000,
00000000,
00000000,
00000000,
00000000,
00000000,
00000000,
00000000,
00000000,
00000000,
00000000,
00000000,
00000000,
00000000,
00000000,
00000000,
00000000,
00000000,
00000000,
00000000,
00000000,
00000000,
00000000,
00000000,
00000000,
00000000,
00000000,
FEFEFE63,
2976D9FE,
00000000,
00000000,
00000000,
00000000,
B2000000,
FDFDFDF7,
8CFDFDFD,
00000000,
00000000,
00000000,
00000000,
F4400000,
B1B1D0FD,
F9FD6337,
0000005C,
00000000,
00000000,
00000000,
A5130000,
000019B3,
FDFD4500,
0000006D,
00000000,
00000000,
00000000,
00000000,
00000000,
F9FD4500,
0000005F,
00000000,
00000000,
00000000,
00000000,
00000000,
8FFD990D,
00000000,
00000000,
00000000,
00000000,
00000000,
39000000,
59FDFDF0,
00000000,
00000000,
00000000,
00000000,
00000000,
F76F0600,
29E3FDFD,
00000000,
00000000,
00000000,
00000000,
00000000,
FDFDE41F,
DDFDFDFD,
00000058,
00000000,
00000000,
00000000,
00000000,
FDFDFD23,
FDFDFDFD,
0030CEFC,
00000000,
00000000,
00000000,
00000000,
CDCDCD1C,
BC444452,
33E2FDFD,
00000000,
00000000,
00000000,
00000000,
00000000,
3A000000,
E0FDFDA7,
00000024,
00000000,
00000000,
00000000,
00000000,
00000000,
FDFDB003,
0000003A,
00000000,
00000000,
00000000,
00000000,
00000000,
FDAD0000,
000025DD,
00000000,
00000000,
00000000,
00000000,
00000000,
FD680000,
00004BFD,
00000000,
00000000,
00000000,
00000000,
00000000,
FDE32900,
00004BFD,
00000000,
00000000,
00000000,
00000000,
3F0C0000,
FDFDE28C,
000039EE,
00000000,
00000000,
00000000,
29000000,
FDC1992A,
D9FDFDFD,
00000056,
00000000,
00000000,
00000000,
FB9E1D03,
FDFDFDFD,
0D66E8FD,
00000000,
00000000,
00000000,
00000000,
FDBA7410,
74E3FDFD,
00000071,
00000000,
00000000,
00000000,
00000000,
00000000,
00000000,
00000000,
00000000,
00000000,
00000000,
00000000,
00000000,
00000000,
00000000,
00000000,
00000000,
00000000,
00000000,
00000000,
00000000,
00000000,
00000000,
00000000,
00000000,
00000000,
00000000,
00000000,
00000000,
00000000,
00000000,
00000000,
00000000,
00000000,
00000000,
00000000,
00000000,
00000000,
00000000,
00000000,
00000000,
00000000,
00000000,
00000000,
00000000,
00000000,
00000000,
00000000,
00000000,
00000000,
00000000,
00000000,
00000000,
00000000,
02100000,
00000000,
00000000,
00000000,
00000000,
00000000,
00000000,
B0BB0000,
0000004C,
00000000,
16000000,
00000004,
00000000,
00000000,
FE890000,
00000071,
00000000,
86000000,
0000008B,
00000000,
00000000,
FE6C0000,
00000071,
00000000,
F8450000,
000000FE,
00000000,
00000000,
FED50000,
00000071,
00000000,
FE850000,
000000CC,
00000000,
00000000,
FEF02C00,
00000071,
00000000,
FECA0000,
0000004E,
00000000,
00000000,
FEFE6500,
00000066,
00000000,
F5CF0700,
00000010,
00000000,
00000000,
ADFED80C,
00000000,
00000000,
99FE5600,
00000000,
00000000,
00000000,
2FFEFE9B,
00000000,
00000000,
99FEB800,
00000000,
00000000,
4E000000,
08DEFEF0,
00000000,
00000000,
99FECE0F,
00000000,
00000000,
CB0E0000,
0030FEFE,
00000000,
00000000,
36FEFE30,
00000000,
00000000,
FE240000,
0003ADFE,
00000000,
00000000,
23FEFE30,
00000000,
00000000,
FECC4700,
010019DA,
070C0C0C,
00010C0C,
01ADFE30,
00000000,
00000000,
FEFE9600,
979494E1,
CDFFFEFE,
0D5AFEFE,
009DFE76,
00000000,
00000000,
FEFEE900,
FEFEFEFE,
DAFEFEFE,
CBFED3E1,
0035FEE0,
00000000,
00000000,
FEFE6B00,
BDBDC9E0,
1147477B,
B245071B,
000FCFFE,
00000000,
00000000,
35350400,
00000A1C,
00000000,
94000000,
000096FE,
00000000,
00000000,
00000000,
00000000,
00000000,
15000000,
00000A23,
00000000,
00000000,
00000000,
00000000,
00000000,
00000000,
00000000,
00000000,
00000000,
00000000,
00000000,
00000000,
00000000,
00000000,
00000000,
00000000,
00000000,
00000000,
00000000,
00000000,
00000000,
00000000,
00000000,
00000000,
00000000,
00000000,
00000000,
00000000,
00000000,
00000000,
00000000,
00000000,
00000000,
00000000,
00000000,
00000000,
00000000,
00000000,
00000000,
00000000,
00000000,
00000000,
00000000,
00000000,
00000000,
00000000,
00000000,
00000000,
00000000,
00000000,
00000000,
00000000,
00000000,
00000000,
00000000,
00000000,
00000000,
00000000,
00000000,
00000000,
00000000,
00000000,
00000000,
00000000,
00000000,
00000000,
00000000,
00000000,
00000000,
00000000,
00000000,
00000000,
00000000,
00000000,
00000000,
00000000,
00000000,
00000000,
00000000,
00000000,
00000000,
00000000,
00000000,
00000000,
00000000,
00000000,
E4000000,
000059D3,
00000000,
E2797933,
002CE8FD,
00000000,
00000000,
3D000000,
F0F0F9EB,
F1F0F0F0,
FCFCFCF5,
005DFCFC,
00000000,
00000000,
00000000,
FCFCB740,
FDFCFCFC,
FCFCFCFC,
005DFCFC,
00000000,
00000000,
00000000,
27270B00,
27275F35,
FCDB2727,
003FC5FC,
00000000,
00000000,
00000000,
00000000,
00000000,
FCF44B00,
000011D1,
00000000,
00000000,
00000000,
00000000,
00000000,
FCFC7A00,
000000C6,
00000000,
00000000,
00000000,
00000000,
00000000,
FCFCF45F,
000000B1,
00000000,
00000000,
00000000,
00000000,
0D000000,
7EFCFCF1,
00000018,
00000000,
00000000,
00000000,
00000000,
C5080000,
32F8FCFC,
00000000,
00000000,
00000000,
00000000,
00000000,
FDC40800,
0066FCFC,
00000000,
00000000,
00000000,
00000000,
00000000,
FFFDC50D,
00009FFD,
00000000,
00000000,
00000000,
00000000,
11000000,
FDFCFC7B,
000067FC,
00000000,
00000000,
00000000,
00000000,
5A000000,
FDFCFCFC,
00000325,
00000000,
00000000,
00000000,
00000000,
C6110000,
6ED1FCFC,
00000002,
00000000,
00000000,
00000000,
00000000,
FCB01200,
0058F8FC,
00000000,
00000000,
00000000,
00000000,
00000000,
FCFC6B11,
00008CFC,
00000000,
00000000,
00000000,
00000000,
00000000,
FCFCFCAB,
000021E9,
00000000,
00000000,
00000000,
00000000,
0A000000,
FCFCFCD9,
0000008C,
00000000,
00000000,
00000000,
00000000,
59000000,
DDFCFCFA,
00000027,
00000000,
00000000,
00000000,
00000000,
00000000,
4FD9D9D5,
00000000,
00000000,
00000000,
00000000,
00000000,
00000000,
00000000,
00000000,
00000000,
00000000,
00000000,
00000000,
00000000,
00000000,
00000000,
00000000,
00000000,
00000000,
00000000,
00000000,
00000000,
00000000,
00000000,
00000000,
00000000,
00000000,
00000000,
00000000,
00000000,
00000000,
00000000,
00000000,
00000000,
00000000,
00000000,
00000000,
00000000,
00000000,
00000000,
00000000,
00000000,
00000000,
00000000,
00000000,
00000000,
00000000,
00000000,
00000000,
00000000,
DABF7D24,
F1FEFEFF,
00000033,
00000000,
00000000,
00000000,
CC000000,
FDFDFDF9,
FDFDFDFD,
0000EBFA,
00000000,
00000000,
00000000,
FBF15800,
318EE1FD,
690C0C0C,
006FFDFD,
00000000,
00000000,
00000000,
A7FDE15F,
00000E71,
10000000,
0075FDD3,
00000000,
00000000,
5B000000,
1CAAFDEE,
00000000,
00000000,
0075FD96,
00000000,
00000000,
FB620000,
000530DA,
00000000,
00000000,
0075FD96,
00000000,
00000000,
FD700000,
00000070,
00000000,
09000000,
0012F2B8,
00000000,
00000000,
2D140000,
00000005,
00000000,
43000000,
0000F0FD,
00000000,
00000000,
00000000,
00000000,
00000000,
EA1B0000,
000069F8,
00000000,
00000000,
00000000,
00000000,
00000000,
FD9D2C00,
00000084,
00000000,
00000000,
00000000,
00000000,
00000000,
CBFDBD0B,
0000001B,
00000000,
00000000,
00000000,
00000000,
0B000000,
4DF6FD9C,
00000000,
00000000,
00000000,
00000000,
00000000,
9C0B0000,
0044CAFD,
00000000,
00000000,
00000000,
00000000,
00000000,
FD9C0B00,
000047E2,
00000000,
00000000,
00000000,
00000000,
8C21211E,
E2FDBAA3,
00000026,
00000000,
00000000,
00000000,
510C0000,
FDFDFDF4,
FDFDFDFD,
001746BA,
4D9C1600,
00000000,
00000000,
FDC35000,
FDFDFDFD,
F8A6EAF8,
96F0FDFD,
33689049,
00000000,
00000000,
FDFDF807,
F2FDFDFD,
6B000069,
FDFDFDF2,
0000A0F5,
00000000,
00000000,
FDFDFA39,
1587F7FD,
00000000,
B7B77515,
00000030,
00000000,
00000000,
B07B7900,
00001087,
00000000,
00000000,
00000000,
00000000,
00000000,
00000000,
00000000,
00000000,
00000000,
00000000,
00000000,
00000000,
00000000,
00000000,
00000000,
00000000,
00000000,
00000000,
00000000,
00000000,
00000000,
00000000,
00000000,
00000000,
00000000,
00000000,
00000000,
00000000,
00000000,
00000000,
00000000,
00000000,
00000000,
00000000,
00000000,
00000000,
00000000,
00000000,
00000000,
00000000,
00000000,
00000000,
00000000,
00000000,
00000000,
00000000,
00000000,
00000000,
00000000,
00000000,
00000000,
00000000,
00000000,
00000000,
00000000,
00000000,
00000000,
00000000,
00000000,
00000000,
00000000,
00000000,
00000000,
00000000,
00000000,
00000000,
00000000,
00000000,
00000000,
00000000,
00000000,
00000000,
00000000,
00000000,
00000000,
00000000,
00000000,
00000000,
00000000,
00000000,
00000000,
00000000,
9C3D0000,
9C515994,
FEFEFEFF,
29949CD8,
00000000,
00000000,
00000000,
FECF1A00,
F5FDFDFD,
E9E9C3EA,
F1FDF6E9,
00000018,
00000000,
00000000,
FEFDA600,
3080FDFD,
00000000,
FDE23000,
00000057,
00000000,
04000000,
F4FDFBAE,
0002137C,
00000000,
FDD60000,
00000013,
00000000,
84000000,
2DB1FDFD,
00000000,
00000000,
FDF42E00,
00000013,
00000000,
80000000,
00005AC3,
00000000,
00000000,
98FEB300,
00000000,
00000000,
00000000,
00000000,
00000000,
00000000,
48FBFE08,
00000000,
00000000,
00000000,
00000000,
00000000,
00000000,
00A5FEA5,
00000000,
00000000,
00000000,
00000000,
00000000,
25000000,
002EFEF8,
00000000,
00000000,
00000000,
00000000,
00000000,
4D000000,
0009ABFD,
00000000,
00000000,
00000000,
00000000,
00000000,
EF130000,
000000FE,
00000000,
00000000,
00000000,
00000000,
00000000,
FD5C0200,
D6D6D7FD,
000000B5,
00000000,
00000000,
00000000,
00000000,
FDFDA713,
FDFDFEFD,
000000D5,
00000000,
00000000,
00000000,
00000000,
FDFDFDC9,
132275B9,
00000010,
00000000,
00000000,
00000000,
00000000,
EDC14977,
00000024,
00000000,
00000000,
00000000,
00000000,
00000000,
D6FE5000,
00000000,
00000000,
00000000,
00000000,
00000000,
00000000,
A8FD7600,
00000000,
00000000,
00000000,
00000000,
00000000,
00000000,
75FD7600,
00000000,
00000000,
00000000,
00000000,
00000000,
00000000,
75FD7600,
00000000,
00000000,
00000000,
00000000,
00000000,
00000000,
22C14800,
00000000,
00000000,
00000000,
00000000,
00000000,
00000000,
00000000,
00000000,
00000000,
00000000,
00000000,
00000000,
00000000,
00000000,
00000000,
00000000,
00000000,
00000000,
00000000,
00000000,
00000000,
00000000,
00000000,
00000000,
00000000,
00000000,
00000000,
00000000,
00000000,
00000000,
00000000,
00000000,
00000000,
00000000,
00000000,
00000000,
00000000,
00000000,
00000000,
00000000,
00000000,
00000000,
00000000,
00000000,
00000000,
00000000,
00000000,
0D000000,
003ED1DA,
00000000,
00000000,
00000000,
00000000,
00000000,
06000000,
00B9FCBD,
00000000,
00000000,
00000000,
00000000,
00000000,
00000000,
06D7FCA9,
00000000,
00000000,
00000000,
00000000,
00000000,
00000000,
3FFDFCA9,
00000000,
00000000,
00000000,
00000000,
00000000,
00000000,
3FFDFCA9,
00000000,
00000000,
00000000,
00000000,
00000000,
00000000,
A8FEFD6D,
00000000,
00000000,
00000000,
00000000,
00000000,
00000000,
A8FDFC40,
00000000,
00000000,
00000000,
00000000,
00000000,
00000000,
D2FDF93B,
0000000B,
00000000,
00000000,
00000000,
00000000,
00000000,
FCFDD300,
00000015,
00000000,
00000000,
00000000,
00000000,
00000000,
FCFDD300,
00000015,
00000000,
00000000,
00000000,
00000000,
00000000,
FDFFD400,
00000015,
00000000,
00000000,
00000000,
00000000,
00000000,
FCFDD300,
00000015,
00000000,
00000000,
00000000,
00000000,
00000000,
FCFDD300,
00000015,
00000000,
00000000,
00000000,
00000000,
00000000,
FCFDA700,
00000015,
00000000,
00000000,
00000000,
00000000,
00000000,
FCFDD300,
00000015,
00000000,
00000000,
00000000,
00000000,
00000000,
FDFFD400,
00000015,
00000000,
00000000,
00000000,
00000000,
00000000,
FCFD8300,
00000015,
00000000,
00000000,
00000000,
00000000,
00000000,
FCFD6A00,
00000015,
00000000,
00000000,
00000000,
00000000,
00000000,
FCFD6A00,
00000015,
00000000,
00000000,
00000000,
00000000,
00000000,
B6D11200,
00000004,
00000000,
00000000,
00000000,
00000000,
00000000,
00000000,
00000000,
00000000,
00000000,
00000000,
00000000,
00000000,
00000000,
00000000,
00000000,
00000000,
00000000,
00000000,
00000000,
00000000,
00000000,
00000000,
00000000,
00000000,
00000000,
00000000,
00000000,
00000000,
00000000,
00000000,
00000000,
00000000,
00000000,
00000000,
00000000,
00000000,
00000000,
00000000,
00000000,
00000000,
00000000,
00000000,
00000000,
00000000,
00000000,
00000000,
00000000,
00000000,
00000000,
00000000,
00000000,
00000000,
00000000,
00000000,
FEAA3200,
0000003B,
00000000,
00000000,
00000000,
00000000,
24000000,
FEFEF5BF,
000000AF,
00000000,
00000000,
00000000,
00000000,
F2460300,
FEE9EBFE,
000000B6,
00000000,
00000000,
00000000,
00000000,
F3FEB817,
FE6E1B63,
000000B6,
00000000,
00000000,
00000000,
14000000,
1A62F7CD,
FE6E0000,
00000095,
00000000,
00000000,
00000000,
28000000,
00001468,
FE6E0000,
00000021,
00000000,
00000000,
00000000,
00000000,
00000000,
EA6E0000,
00000000,
00000000,
00000000,
00000000,
00000000,
00000000,
95D62000,
00000000,
00000000,
00000000,
00000000,
00000000,
00000000,
10C88600,
00000000,
00000000,
00000000,
00000000,
00000000,
00000000,
0090E714,
00000000,
00000000,
00000000,
00000000,
00000000,
00000000,
0048F492,
00000000,
00000000,
00000000,
00000000,
00000000,
10000000,
000084C9,
00000000,
00000000,
00000000,
00000000,
00000000,
A4000000,
00001FE2,
00000000,
CD7A0B00,
0000002F,
00000000,
00000000,
FF4F0000,
00000080,
0F000000,
90FAD854,
0000000C,
00000000,
00000000,
E4CF0700,
00000025,
EE881400,
003FE4FE,
00000000,
00000000,
00000000,
42FE8700,
35000000,
C5FEFEBE,
00000075,
00000000,
00000000,
00000000,
00B6E715,
F9B86520,
0460B3EF,
00000000,
00000000,
00000000,
00000000,
8063FE80,
B9FBFEE8,
0000003B,
00000000,
00000000,
00000000,
04000000,
FEFEFEDD,
0046C0FE,
00000000,
00000000,
00000000,
00000000,
37000000,
69BCFEFE,
00000B48,
00000000,
00000000,
00000000,
00000000,
00000000,
00000000,
00000000,
00000000,
00000000,
00000000,
00000000,
00000000,
00000000,
00000000,
00000000,
00000000,
00000000,
00000000,
00000000,
00000000,
00000000,
00000000,
00000000,
00000000,
00000000,
00000000,
00000000,
00000000,
00000000,
00000000,
00000000,
00000000,
00000000,
00000000,
00000000,
00000000,
00000000,
00000000,
00000000,
00000000,
00000000,
00000000,
00000000,
00000000,
00000000,
00000000,
00000000,
00000000,
00000000,
00000000,
00000000,
00000000,
00000000,
00000000,
00000000,
00000000,
00000000,
00000000,
00000000,
00000000,
00000000,
00000000,
DE420000,
0000001D,
00000000,
00000000,
00000000,
00000000,
00000000,
FEDF1F00,
0000097F,
00000000,
00000000,
00000000,
00000000,
00000000,
FEFE4200,
0000ADFE,
00000000,
00000000,
00000000,
00000000,
00000000,
FEFEB500,
0000ADFE,
00000000,
00000000,
00000000,
00000000,
00000000,
FEFEB500,
00009EFE,
00000000,
00000000,
00000000,
00000000,
00000000,
FEFEB500,
00002AF3,
00000000,
00000000,
00000000,
00000000,
00000000,
FEFEE622,
000000B3,
00000000,
00000000,
00000000,
00000000,
00000000,
FEFEFE87,
0000009B,
00000000,
00000000,
00000000,
00000000,
0A000000,
FEFEFEC0,
00000037,
00000000,
00000000,
00000000,
00000000,
2C000000,
FEFEFEFE,
00000037,
00000000,
00000000,
00000000,
00000000,
2C000000,
ECFEFEFE,
00000029,
00000000,
00000000,
00000000,
00000000,
2C000000,
BAFEFEFE,
00000000,
00000000,
00000000,
00000000,
00000000,
2C000000,
56FEFEFE,
00000000,
00000000,
00000000,
00000000,
00000000,
2C000000,
0BCAFEFE,
00000000,
00000000,
00000000,
00000000,
00000000,
17000000,
63F6FED7,
00000000,
00000000,
00000000,
00000000,
00000000,
1B000000,
BAFEFEDF,
00000000,
00000000,
00000000,
00000000,
00000000,
13000000,
BAFEFED0,
00000000,
00000000,
00000000,
00000000,
00000000,
17000000,
BAFEFED7,
00000000,
00000000,
00000000,
00000000,
00000000,
18000000,
BAFEFED9,
00000000,
00000000,
00000000,
00000000,
00000000,
00000000,
7DFFFF72,
00000000,
00000000,
00000000,
00000000,
00000000,
00000000,
00000000,
00000000,
00000000,
00000000,
00000000,
00000000,
00000000,
00000000,
00000000,
00000000,
00000000,
00000000,
00000000,
00000000,
00000000,
00000000,
00000000,
00000000,
00000000,
00000000,
00000000,
00000000,
00000000,
00000000,
00000000,
00000000,
00000000,
00000000,
00000000,
00000000,
00000000,
00000000,
00000000,
00000000,
00000000,
00000000,
00000000,
00000000,
00000000,
00000000,
00000000,
00000000,
00000000,
00000000,
00000000,
00000000,
00000000,
00000000,
00000000,
00000000,
00000000,
00000000,
00000000,
00000000,
00000000,
00000000,
001FA100,
00000000,
00000000,
00000000,
00000000,
00000000,
00000000,
0097D900,
00000000,
00000000,
00000000,
00000000,
00000000,
00000000,
00E78500,
00000000,
00000000,
00000000,
00000000,
00000000,
00000000,
00E74E00,
00000000,
00000000,
00000000,
00000000,
00000000,
00000000,
09EA4200,
00000000,
00000000,
00000000,
00000000,
00000000,
00000000,
36FE0000,
00000000,
00000000,
00000000,
00000000,
00000000,
00000000,
36FE0000,
00000000,
00000000,
00000000,
00000000,
00000000,
00000000,
36FE0000,
00000000,
00000000,
00000000,
00000000,
00000000,
00000000,
5DFE0000,
00000000,
00000000,
00000000,
00000000,
00000000,
00000000,
54FE0000,
00000000,
00000000,
00000000,
00000000,
00000000,
00000000,
4DFF1F00,
00000000,
00000000,
00000000,
00000000,
00000000,
00000000,
36FE4E00,
00000000,
00000000,
00000000,
00000000,
00000000,
00000000,
07E94E00,
00000000,
00000000,
00000000,
00000000,
00000000,
00000000,
00E78000,
00000000,
00000000,
00000000,
00000000,
00000000,
00000000,
00E7A500,
00000000,
00000000,
00000000,
00000000,
00000000,
00000000,
00D4E700,
00000000,
00000000,
00000000,
00000000,
00000000,
00000000,
0097E700,
00000000,
00000000,
00000000,
00000000,
00000000,
00000000,
004EE907,
00000000,
00000000,
00000000,
00000000,
00000000,
00000000,
0026FD36,
00000000,
00000000,
00000000,
00000000,
00000000,
00000000,
0000FD65,
00000000,
00000000,
00000000,
00000000,
00000000,
00000000,
00000000,
00000000,
00000000,
00000000,
00000000,
00000000,
00000000,
00000000,
00000000,
00000000,
00000000,
00000000,
00000000,
00000000,
00000000,
00000000,
00000000,
00000000,
00000000,
00000000,
00000000,
00000000,
00000000,
00000000,
00000000,
00000000,
00000000,
00000000,
00000000,
00000000,
00000000,
00000000,
00000000,
00000000,
00000000,
00000000,
00000000,
00000000,
00000000,
00000000,
00000000,
00000000,
00000000,
00000000,
00000000,
00000000,
00000000,
00000000,
00000000,
00000000,
00000000,
00000000,
00000000,
00000000,
00000000,
00000000,
00000000,
00000000,
00000000,
00000000,
00000000,
00000000,
00000000,
00000000,
00000000,
00000000,
00000000,
00000000,
00000000,
00000000,
00000000,
00000000,
00000000,
00000000,
00000000,
00000000,
16000000,
FFFEB561,
00036ADD,
00000000,
00000000,
00000000,
00000000,
F5D5801C,
EFF6FEFE,
005EFEFE,
00000000,
00000000,
00000000,
971B0000,
DEFEFEEF,
1B46BDCC,
0062FED7,
00000000,
00000000,
00000000,
F82B0000,
0F28E9FE,
00000000,
006FFE60,
00000000,
00000000,
00000000,
79000000,
00002148,
00000000,
00BBFE4C,
00000000,
00000000,
00000000,
00000000,
00000000,
00000000,
0095FE5E,
00000000,
00000000,
00000000,
00000000,
00000000,
00000000,
0028FE7C,
00000000,
00000000,
00000000,
00000000,
00000000,
06000000,
0001AECB,
00000000,
00000000,
00000000,
00000000,
00000000,
66000000,
00007AFE,
00000000,
00000000,
00000000,
00000000,
00000000,
CDDF2800,
002173FE,
00000000,
00000000,
00000000,
00000000,
00000000,
FEF82800,
BFF2FEFE,
00000047,
00000000,
00000000,
00000000,
00000000,
FE8C0000,
FED1F8FE,
000000D5,
00000000,
00000000,
00000000,
00000000,
D0BA0300,
BF4A3147,
00000086,
00000000,
00000000,
00000000,
00000000,
77FE8600,
00000000,
00000000,
00000000,
00000000,
00000000,
00000000,
02A8C510,
00000000,
00000000,
00000000,
00000000,
00000000,
00000000,
002BE18C,
00000000,
00000000,
00000000,
00000000,
00000000,
33000000,
00006AE9,
00000000,
00000000,
00000000,
00000000,
00000000,
A1000000,
000011E3,
00000000,
00000000,
00000000,
00000000,
00000000,
E4000000,
0000007C,
00000000,
00000000,
00000000,
00000000,
00000000,
A8000000,
00000006,
00000000,
00000000,
00000000,
00000000,
00000000,
00000000,
00000000,
00000000,
00000000,
00000000,
00000000,
00000000,
00000000,
00000000,
00000000,
00000000,
00000000,
00000000,
00000000,
00000000,
00000000,
00000000,
00000000,
00000000,
00000000,
00000000,
00000000,
00000000,
00000000,
00000000,
00000000,
00000000,
00000000,
00000000,
00000000,
00000000,
00000000,
00000000,
00000000,
00000000,
00000000,
00000000,
00000000,
00000000,
00000000,
00000000,
00000000,
00000000,
00000000,
00000000,
00000000,
00000000,
00000000,
00000000,
00A5FF79,
00000000,
B3FE4600,
00000000,
00000000,
00000000,
00000000,
0099FE83,
00000000,
F9FE6A00,
00000032,
00000000,
00000000,
00000000,
0069FED8,
00000000,
F0FE8C00,
00000025,
00000000,
00000000,
0E000000,
0054FEE1,
00000000,
D7FEE955,
00000000,
00000000,
00000000,
3A000000,
002EFEFE,
08000000,
CEFEFEBA,
00000000,
00000000,
00000000,
3A000000,
0009FEFE,
92000000,
78FEFEFE,
00000000,
00000000,
00000000,
96000000,
0009FEFE,
FB7F0000,
16EFFEFE,
00000000,
00000000,
00000000,
99000000,
0009FEFE,
FEF65C00,
00B5FEFE,
00000000,
00000000,
00000000,
69000000,
0028FEF1,
FEFEF41B,
0096FEFE,
00000000,
00000000,
00000000,
00000000,
64A9FEA1,
FEFEFEF4,
0046FCFE,
00000000,
00000000,
00000000,
00000000,
FEFDB044,
FEA7F5FE,
0000CAFE,
00000000,
00000000,
00000000,
00000000,
B1630000,
FE6E2392,
000094FE,
00000000,
00000000,
00000000,
00000000,
00000000,
FECE0000,
000083FE,
00000000,
00000000,
00000000,
00000000,
00000000,
FE820000,
00000BDB,
00000000,
00000000,
00000000,
00000000,
00000000,
FEAE0000,
000000D2,
00000000,
00000000,
00000000,
00000000,
00000000,
FE9B0000,
0000007C,
00000000,
00000000,
00000000,
00000000,
00000000,
FEB90000,
00000073,
00000000,
00000000,
00000000,
00000000,
00000000,
FECE0000,
00000073,
00000000,
00000000,
00000000,
00000000,
00000000,
FEC20000,
00000073,
00000000,
00000000,
00000000,
00000000,
00000000,
C01B0000,
00000073,
00000000,
00000000,
00000000,
00000000,
00000000,
00000000,
00000000,
00000000,
00000000,
00000000,
00000000,
00000000,
00000000,
00000000,
00000000,
00000000,
00000000,
00000000,
00000000,
00000000,
00000000,
00000000,
00000000,
00000000,
00000000,
00000000,
00000000,
00000000,
00000000,
00000000,
00000000,
00000000,
00000000,
00000000,
00000000,
00000000,
00000000,
00000000,
00000000,
00000000,
00000000,
00000000,
00000000,
00000000,
00000000,
00000000,
00000000,
66290000,
00000066,
00000000,
00000000,
00000000,
00000000,
00000000,
D6520000,
0000A3FD,
00000000,
00000000,
00000000,
00000000,
00000000,
1F000000,
0014DFE8,
00000000,
00000000,
00000000,
00000000,
00000000,
00000000,
0028F4CB,
00000000,
00000000,
00000000,
00000000,
00000000,
29000000,
0000A2F3,
00000000,
00000000,
00000000,
00000000,
00000000,
48000000,
000029FD,
00000000,
00000000,
00000000,
00000000,
00000000,
E9290000,
000000D4,
00000000,
00000000,
00000000,
00000000,
00000000,
E0AD0B00,
00000014,
00000000,
00000000,
00000000,
00000000,
00000000,
A2FC8400,
00000000,
00000000,
00000000,
00000000,
00000000,
00000000,
00C0FE15,
00000000,
00000000,
00000000,
00000000,
00000000,
15000000,
0032E9CB,
00000000,
00000000,
00000000,
00000000,
00000000,
84000000,
1F0066FD,
71333333,
84987170,
0000000A,
00000000,
00000000,
FD520000,
E9CBDFFC,
FDFCFDFC,
FDFCFDFC,
0000005B,
00000000,
0B000000,
FEFDAD33,
66D5FEFD,
00000066,
A3000000,
000000CB,
00000000,
D57B0000,
C0FCFDFC,
000A326F,
00000000,
00000000,
00000028,
00000000,
FFFDAD00,
0028E0FD,
00000000,
00000000,
00000000,
00000000,
00000000,
FDFCFD00,
00001482,
00000000,
00000000,
00000000,
00000000,
00000000,
29666600,
00000000,
00000000,
00000000,
00000000,
00000000,
00000000,
00000000,
00000000,
00000000,
00000000,
00000000,
00000000,
00000000,
00000000,
00000000,
00000000,
00000000,
00000000,
00000000,
00000000,
00000000,
00000000,
00000000,
00000000,
00000000,
00000000,
00000000,
00000000,
00000000,
00000000,
00000000,
00000000,
00000000,
00000000,
00000000,
00000000,
00000000,
00000000,
00000000,
00000000,
00000000,
00000000,
00000000,
00000000,
00000000,
00000000,
00000000,
00000000,
00000000,
00000000,
00000000,
00000000,
00000000,
00000000,
00000000,
00000000,
00000000,
00000000,
00000000,
00000000,
00000000,
00000000,
00000000,
00000000,
00000000,
00000000,
00000000,
00000000,
00000000,
00000000,
00000000,
00000000,
00000000,
00000000,
00000000,
00000000,
00000000,
FF971700,
0020A3FE,
00000000,
00000000,
00000000,
00000000,
00000000,
FDFDD317,
0044FDFD,
00000000,
00000000,
00000000,
00000000,
00000000,
8798F19B,
00B9FDF8,
00000000,
00000000,
00000000,
00000000,
00000000,
0000548C,
06C0F7A2,
00000000,
00000000,
00000000,
00000000,
00000000,
00000000,
37FDC207,
00000000,
00000000,
00000000,
00000000,
00000000,
00000000,
37FDFD38,
00000000,
00000000,
00000000,
00000000,
00000000,
00000000,
13D0FD4E,
00000000,
00000000,
00000000,
00000000,
00000000,
00000000,
00B9FDB4,
00000000,
00000000,
00000000,
00000000,
00000000,
24000000,
38C8FDE8,
0000000B,
00000000,
00000000,
00000000,
00000000,
32000000,
FDFDFDFD,
0000299F,
00000000,
00000000,
00000000,
00000000,
25000000,
FDFDEBB9,
000ABEFD,
00000000,
00000000,
00000000,
00000000,
00000000,
C9592900,
18CEFDFD,
00000000,
00000000,
00000000,
00000000,
00000000,
0F000000,
1EFDFDD6,
00000000,
00000000,
00000000,
00000000,
00000000,
00000000,
1EFDFDCD,
00000000,
00000000,
00000000,
00000000,
00000000,
811A0000,
13DBFDF6,
00000000,
00000000,
00000000,
00000000,
00000000,
FDCA4A00,
0025DBFD,
00000000,
00000000,
00000000,
00000000,
61000000,
FDFDF7E6,
000025A8,
00000000,
00000000,
00000000,
00000000,
F8600000,
81FDFDFD,
00000004,
00000000,
00000000,
00000000,
00000000,
FDA70000,
0382FDFD,
00000000,
00000000,
00000000,
00000000,
00000000,
FD6B0000,
000226E2,
00000000,
00000000,
00000000,
00000000,
00000000,
00000000,
00000000,
00000000,
00000000,
00000000,
00000000,
00000000,
00000000,
00000000,
00000000,
00000000,
00000000,
00000000,
00000000,
00000000,
00000000,
00000000,
00000000,
00000000,
00000000,
00000000,
00000000,
00000000,
00000000,
00000000,
00000000,
00000000,
00000000,
00000000,
00000000,
00000000,
00000000,
00000000,
00000000,
00000000,
00000000,
00000000,
00000000,
00000000,
00000000,
00000000,
00000000,
00000000,
00000000,
00000000,
00000000,
00000000,
00000000,
00000000,
00000000,
00000000,
00000000,
00000000,
00000000,
00000000,
00000000,
00000000,
00000000,
00000000,
00000000,
00000000,
00000000,
00000000,
00000000,
5C98C1A3,
33333333,
0000001F,
00000000,
00000000,
00000000,
15000000,
FDFCFDDF,
FDFCFDFC,
000052C0,
00000000,
00000000,
00000000,
33000000,
150066FD,
66663E66,
0028B73D,
00000000,
00000000,
00000000,
33000000,
000066FC,
00000000,
00003D00,
00000000,
00000000,
00000000,
33000000,
000066FD,
00000000,
00000000,
00000000,
00000000,
00000000,
5C000000,
000066FC,
00000000,
00000000,
00000000,
00000000,
00000000,
AD000000,
000066FD,
00000000,
00000000,
00000000,
00000000,
00000000,
FD000000,
CBCBDFFC,
000052CB,
00000000,
00000000,
00000000,
00000000,
FE7B0000,
CBCBE0FD,
0047FEDF,
00000000,
00000000,
00000000,
00000000,
FDF32900,
00001482,
29E8FD14,
00000000,
00000000,
00000000,
00000000,
B7FD9800,
00000000,
66FD8400,
00000000,
00000000,
00000000,
00000000,
14973300,
00000000,
66FC3300,
00000000,
00000000,
00000000,
00000000,
00001500,
00000000,
66FD7100,
00000000,
00000000,
00000000,
00000000,
0000B752,
00000000,
66FCC100,
00000000,
00000000,
00000000,
00000000,
0000B7CB,
00000000,
29FDFE15,
00000000,
00000000,
00000000,
15000000,
000066DF,
15000000,
0082FDCB,
00000000,
00000000,
00000000,
00000000,
00007BCC,
AD290000,
0014CBFD,
00000000,
00000000,
00000000,
00000000,
1566DFA2,
FDF3A366,
000014AB,
00000000,
00000000,
00000000,
00000000,
FFFDEA29,
52ACFFFD,
00000000,
00000000,
00000000,
00000000,
00000000,
C0831E00,
000A326F,
00000000,
00000000,
00000000,
00000000,
00000000,
00000000,
00000000,
00000000,
00000000,
00000000,
00000000,
00000000,
00000000,
00000000,
00000000,
00000000,
00000000,
00000000,
00000000,
00000000,
00000000,
00000000,
00000000,
00000000,
00000000,
00000000,
00000000,
00000000,
00000000,
00000000,
00000000,
00000000,
00000000,
00000000,
00000000,
00000000,
00000000,
00000000,
00000000,
00000000,
00000000,
00000000,
00000000,
00000000,
00000000,
00000000,
00000000,
00000000,
00000000,
00000000,
00000000,
00000000,
00000000,
00000000,
FD970000,
000009A7,
00000000,
00000000,
00000000,
00000000,
00000000,
FCDE1900,
000042FC,
00000000,
00000000,
00000000,
00000000,
00000000,
FCC60000,
000DBBFC,
00000000,
00000000,
00000000,
00000000,
00000000,
FC8C0000,
005AFCFC,
00000000,
00000000,
00000000,
00000000,
00000000,
F8460000,
008EFCFC,
00000000,
00000000,
00000000,
00000000,
00000000,
C1000000,
27E5FCFC,
00000000,
00000000,
00000000,
00000000,
00000000,
45000000,
D3FCFCFC,
00000000,
00000000,
00000000,
00000000,
00000000,
0A000000,
E2FCFCEB,
0000000E,
00000000,
00000000,
00000000,
00000000,
00000000,
FDFCFC79,
0000004D,
00000000,
00000000,
00000000,
00000000,
00000000,
FDFCC306,
000013C9,
00000000,
00000000,
00000000,
00000000,
00000000,
FFFDBC00,
00002CFD,
00000000,
00000000,
00000000,
00000000,
00000000,
FDFC9E00,
000079FC,
00000000,
00000000,
00000000,
00000000,
00000000,
FDFC4E00,
0004C0FC,
00000000,
00000000,
00000000,
00000000,
00000000,
FDD40400,
0074FCFC,
00000000,
00000000,
00000000,
00000000,
00000000,
FD6F0000,
00C0FCFC,
00000000,
00000000,
00000000,
00000000,
00000000,
FD480000,
1FEEFCFC,
00000000,
00000000,
00000000,
00000000,
00000000,
C8000000,
8CFCFCFC,
00000000,
00000000,
00000000,
00000000,
00000000,
7D000000,
C5FCFCFC,
00000000,
00000000,
00000000,
00000000,
00000000,
22000000,
74FCFCFC,
00000000,
00000000,
00000000,
00000000,
00000000,
05000000,
32F3E96E,
00000000,
00000000,
00000000,
00000000,
00000000,
00000000,
00000000,
00000000,
00000000,
00000000,
00000000,
00000000,
00000000,
00000000,
00000000,
00000000,
00000000,
00000000,
00000000,
00000000,
00000000,
00000000,
00000000,
00000000,
00000000,
00000000,
00000000,
00000000,
00000000,
00000000,
00000000,
00000000,
00000000,
00000000,
00000000,
00000000,
00000000,
00000000,
00000000,
00000000,
00000000,
00000000,
00000000,
00000000,
00000000,
00000000,
E2AE4C00,
0035B9FF,
00000000,
00000000,
00000000,
00000000,
00000000,
4453DE00,
7AF3BA4A,
00000000,
00000000,
00000000,
00000000,
00000000,
000B5F00,
F2720700,
00000061,
00000000,
00000000,
00000000,
00000000,
00000000,
72070000,
000018DE,
00000000,
00000000,
00000000,
00000000,
00000000,
18000000,
0000A7DB,
00000000,
00000000,
00000000,
00000000,
00000000,
00000000,
0002DF47,
00000000,
00000000,
00000000,
00000000,
00000000,
00000000,
0054F92C,
00000000,
00000000,
00000000,
00000000,
00000000,
00000000,
00A5B600,
00000000,
00000000,
00000000,
00000000,
00000000,
00000000,
00A5DA00,
00000000,
00000000,
00000000,
00000000,
00000000,
00000000,
00A5F10B,
00000000,
00000000,
00000000,
00000000,
00000000,
00000000,
0061FE41,
00000000,
00000000,
00000000,
00000000,
00000000,
00000000,
0026FE41,
00000000,
00000000,
00000000,
00000000,
4F480000,
00001466,
0001B5A5,
00000000,
00000000,
00000000,
00000000,
F6F29F14,
3B77F2F6,
00005FFD,
00000000,
00000000,
00000000,
00000000,
0023DFBB,
FEF37405,
000005CF,
00000000,
00000000,
00000000,
1C000000,
000067F3,
FE510000,
000012DA,
00000000,
00000000,
00000000,
3F000000,
000020FE,
D6F44E00,
0010C8E2,
00000000,
00000000,
00000000,
25000000,
380032FE,
1ED6F55D,
3ACAE32A,
00000000,
00000000,
00000000,
04000000,
FDE6F1C0,
001DA7FE,
F4862800,
002045B8,
00000000,
00000000,
00000000,
5EAD8916,
0000030C,
66010000,
0036F0D1,
00000000,
00000000,
00000000,
00000000,
00000000,
00000000,
00000000,
00000000,
00000000,
00000000,
00000000,
00000000,
00000000,
00000000,
00000000,
00000000,
00000000,
00000000,
00000000,
00000000,
00000000,
00000000,
00000000,
00000000,
00000000,
00000000,
00000000,
00000000,
00000000,
00000000,
00000000,
00000000,
00000000,
00000000,
00000000,
00000000,
00000000,
00000000,
00000000,
00000000,
00000000,
00000000,
00000000,
00000000,
00000000,
00000000,
00000000,
00000000,
00000000,
00000000,
00000000,
00000000,
00000000,
00000000,
00000000,
00000000,
00000000,
00000000,
00000000,
00000000,
00000000,
00000000,
00000000,
00000000,
00000000,
00000000,
00000000,
00000000,
00000000,
00000000,
00000000,
00000000,
00000000,
00000000,
00000000,
00000000,
00000000,
00000000,
00000000,
00000000,
00000000,
00000000,
00000000,
00000000,
00000000,
00000000,
00000000,
856F0400,
00000152,
A8640300,
000013D6,
00000000,
00000000,
00000000,
FDFD5500,
00000BFD,
FDFD7F04,
000024FD,
00000000,
00000000,
00000000,
FDFDE738,
00000AEE,
FDFDFD25,
00006FFD,
00000000,
00000000,
00000000,
FDFDFDB6,
00000090,
FDFDFD25,
000085FD,
00000000,
00000000,
40000000,
FDFDFDE9,
0000003A,
FDFDFD25,
000024FD,
00000000,
00000000,
C20B0000,
FDFDFDFD,
55040018,
FDFDFDCA,
000024FD,
00000000,
00000000,
FD250000,
FDFDFDFD,
FDD15565,
FDFDFDFD,
000007B8,
00000000,
00000000,
FD8D0000,
FDFDFDFD,
FDFEFDFD,
FDFDFDFD,
00000041,
00000000,
00000000,
FD6A0000,
FDFDFDFD,
FDFEFDFD,
BBFDFDFD,
00000005,
00000000,
00000000,
FD250000,
FDFDFDFD,
FDFEFDFD,
B4FDFDFD,
00000000,
00000000,
00000000,
F8230000,
F2DC95F2,
FEF4F2F2,
AFFEFFFE,
00000000,
00000000,
00000000,
34000000,
00000000,
BF060000,
3CFDFDFD,
00000000,
00000000,
00000000,
00000000,
00000000,
91000000,
4DFDFDFD,
00000000,
00000000,
00000000,
00000000,
00000000,
DA090000,
B4FDFDFD,
00000000,
00000000,
00000000,
00000000,
00000000,
FD2A0000,
97FDFDFD,
00000000,
00000000,
00000000,
00000000,
00000000,
FDE20000,
3CFDFDFD,
00000000,
00000000,
00000000,
00000000,
00000000,
FDFE6300,
3CFDFDFD,
00000000,
00000000,
00000000,
00000000,
00000000,
FDFE7A00,
25E6FDFD,
00000000,
00000000,
00000000,
00000000,
00000000,
FDFE0C00,
0053FDFD,
00000000,
00000000,
00000000,
00000000,
00000000,
FDFE0000,
00040BA0,
00000000,
00000000,
00000000,
00000000,
00000000,
00000000,
00000000,
00000000,
00000000,
00000000,
00000000,
00000000,
00000000,
00000000,
00000000,
00000000,
00000000,
00000000,
00000000,
00000000,
00000000,
00000000,
00000000,
00000000,
00000000,
00000000,
00000000,
00000000,
00000000,
00000000,
00000000,
00000000,
00000000,
00000000,
00000000,
00000000,
00000000,
00000000,
00000000,
00000000,
00000000,
00000000,
00000000,
00000000,
00000000,
00000000,
00000000,
00000000,
00000000,
00000000,
00000000,
00000000,
71000000,
000000D5,
00000000,
00330B00,
00000000,
00000000,
00000000,
E9000000,
000000FC,
00000000,
52FC3300,
00000000,
00000000,
00000000,
FF000000,
000000FD,
00000000,
A3FD3300,
00000000,
00000000,
00000000,
FD000000,
000029FC,
00000000,
DFFC3300,
00000014,
00000000,
00000000,
FF000000,
000066FD,
00000000,
FEFD3300,
00000032,
00000000,
00000000,
FD000000,
000066FC,
00000000,
FDFC3300,
00000032,
00000000,
00000000,
FE000000,
000066FD,
00000000,
FEFD3300,
00833432,
00000000,
00000000,
FD000000,
00003DFC,
00000000,
D5FC5C00,
0097C133,
00000000,
00000000,
FE000000,
000066FD,
00000000,
FEFD9800,
0014CBFD,
00000000,
00000000,
FD000000,
000066FC,
00000000,
FDFCC129,
000014D4,
00000000,
00000000,
C1000000,
3383FEFD,
D6843333,
FEFDFEFD,
00000032,
00000000,
00000000,
33000000,
FDFCFDE8,
FDFCFDFC,
D5FCFDFC,
0000000A,
00000000,
00000000,
00000000,
FEFDEA52,
8ECBF4FD,
B7FDFE66,
00000000,
00000000,
00000000,
00000000,
32321E00,
00002832,
66FCFD00,
00000000,
00000000,
00000000,
00000000,
00000000,
00000000,
CBFD9800,
00000000,
00000000,
00000000,
00000000,
00000000,
00000000,
7AFCE900,
00000000,
00000000,
00000000,
00000000,
00000000,
00000000,
67FDFF00,
00000000,
00000000,
00000000,
00000000,
00000000,
00000000,
66FCFD00,
00000000,
00000000,
00000000,
00000000,
00000000,
00000000,
67FDAD00,
00000000,
00000000,
00000000,
00000000,
00000000,
00000000,
3DAC0A00,
00000000,
00000000,
00000000,
00000000,
00000000,
00000000,
00000000,
00000000,
00000000,
00000000,
00000000,
00000000,
00000000,
00000000,
00000000,
00000000,
00000000,
00000000,
00000000,
00000000,
00000000,
00000000,
00000000,
00000000,
00000000,
00000000,
00000000,
00000000,
00000000,
00000000,
00000000,
00000000,
00000000,
00000000,
00000000,
00000000,
00000000,
00000000,
00000000,
00000000,
00000000,
00000000,
00000000,
00000000,
00000000,
00000000,
00000000,
00000000,
3AF69C23,
00000000,
00000000,
00000000,
00000000,
00000000,
1C000000,
36FAFDD9,
00000000,
00000000,
00000000,
00000000,
00000000,
7F000000,
0099FDFD,
00000000,
00000000,
00000000,
00000000,
00000000,
F6350000,
0009C3FD,
00000000,
00000000,
00000000,
00000000,
00000000,
FE870000,
000012C8,
00000000,
00000000,
00000000,
00000000,
00000000,
F1FE6400,
0000001E,
00000000,
00000000,
00000000,
00000000,
00000000,
69FDB707,
00000000,
00000000,
00000000,
00000000,
00000000,
00000000,
00B9FD4F,
00000000,
00000000,
00000000,
00000000,
00000000,
BF000000,
0022D886,
00000000,
00000000,
00000000,
00000000,
00000000,
F42E0000,
00004FFD,
00000000,
00000000,
00000000,
00000000,
00000000,
FED90000,
000008B7,
001B2900,
00000000,
00000000,
00000000,
00000000,
FDFE0000,
8C10004E,
48D9F1D6,
00000000,
00000000,
00000000,
00000000,
F7FE3D00,
98870036,
DFFDFDA6,
00000000,
00000000,
00000000,
00000000,
B4FEC300,
00000000,
FDFDDF0C,
0000004C,
00000000,
00000000,
00000000,
63FEC300,
00000000,
D7FDFD14,
00000000,
00000000,
00000000,
00000000,
88FFC400,
00000000,
85FEFE14,
00000000,
00000000,
00000000,
00000000,
BEFEC300,
05000258,
36FAFD4C,
00000000,
00000000,
00000000,
00000000,
FDDF8000,
9C4FA6FD,
0092FDFD,
00000000,
00000000,
00000000,
00000000,
CA480800,
FEFDFDFD,
0017E1FD,
00000000,
00000000,
00000000,
00000000,
05000000,
C1D7C83A,
00001249,
00000000,
00000000,
00000000,
00000000,
00000000,
00000000,
00000000,
00000000,
00000000,
00000000,
00000000,
00000000,
00000000,
00000000,
00000000,
00000000,
00000000,
00000000,
00000000,
00000000,
00000000,
00000000,
00000000,
00000000,
00000000,
00000000,
00000000,
00000000,
00000000,
00000000,
00000000,
00000000,
00000000,
00000000,
00000000,
00000000,
00000000,
00000000,
00000000,
00000000,
00000000,
00000000,
00000000,
00000000,
00000000,
00000000,
00000000,
00000000,
00000000,
00000000,
00000000,
00000000,
00000000,
00000000,
00000000,
00000000,
00000000,
00000000,
00000000,
00000000,
00000000,
00000000,
00000000,
00000000,
00000000,
00000000,
00000000,
00000000,
00000000,
00000000,
00000000,
00000000,
00000000,
00000000,
00000000,
00000000,
00000000,
00000000,
00000000,
00000000,
833C3C19,
D1D1D1D1,
AED3D1D1,
0000203C,
00000000,
00000000,
00000000,
FDFDFDCA,
FDFDFDFD,
FDFEFDFD,
001CD3FD,
00000000,
00000000,
00000000,
FDFDFDFE,
FDFDFDFD,
FDFEFDFD,
00B2FDFD,
00000000,
00000000,
00000000,
B2B2B25B,
1D63B2B2,
F05B1D1D,
00B2FDFD,
00000000,
00000000,
00000000,
00000000,
00000000,
F05D0000,
00A0FDFD,
00000000,
00000000,
00000000,
00000000,
00000000,
FDFE8618,
001DFDFD,
00000000,
00000000,
00000000,
00000000,
E85A5A1B,
FDFEFDF2,
506DFDFD,
00000000,
00000000,
00000000,
5D000000,
FDFDFDD4,
FDFEFDFD,
F6FDFDFD,
000B2E74,
00000000,
00000000,
78000000,
FDFDFDFD,
FDFEFDFD,
FDFDFDFD,
0093FDFD,
00000000,
00000000,
79000000,
9BFEFEFE,
0000007C,
E0954800,
69FEFFFE,
00000000,
00000000,
15000000,
032C2C2C,
00000000,
31000000,
8BFDFDE1,
00000000,
00000000,
00000000,
00000000,
00000000,
00000000,
FDFDF430,
00000000,
00000000,
00000000,
00004800,
00000000,
00000000,
B6FDF640,
00000000,
00000000,
00000000,
0491F143,
00000000,
48000000,
68FDFDF0,
00000000,
00000000,
00000000,
B7FDFD4B,
4277B3B3,
E8B3B3B3,
1FC4F2FD,
00000000,
00000000,
00000000,
FDFDD624,
FDFEFDFD,
FDFDFDFD,
0000A3FD,
00000000,
00000000,
00000000,
A35E0A00,
FDFFC8B3,
A3E2FDFD,
000011A3,
00000000,
00000000,
00000000,
00000000,
5F3B180B,
002A3B6F,
00000000,
00000000,
00000000,
00000000,
00000000,
00000000,
00000000,
00000000,
00000000,
00000000,
00000000,
00000000,
00000000,
00000000,
00000000,
00000000,
00000000,
00000000,
00000000,
00000000,
00000000,
00000000,
00000000,
00000000,
00000000,
00000000,
00000000,
00000000,
00000000,
00000000,
00000000,
00000000,
00000000,
00000000,
00000000,
00000000,
00000000,
00000000,
00000000,
00000000,
00000000,
00000000,
00000000,
00000000,
00000000,
00000000,
00000000,
00000000,
00000000,
00000000,
00000000,
00000000,
00000000,
00000000,
00000000,
00000000,
00000000,
00000000,
00000000,
00000000,
00000000,
00000000,
00000000,
00000000,
00000000,
00000000,
00000000,
00000000,
00000000,
00000000,
09000000,
0000324D,
00000000,
00000000,
00000000,
00000000,
3F020000,
F3F2AB77,
000062CA,
00000000,
00000000,
00000000,
00153100,
FECC7718,
6B80E3FF,
00000007,
00000000,
00000000,
1E000000,
D7E8FEBB,
9FF1FEEA,
0000124A,
00000000,
00000000,
00000000,
D9120000,
FBFEFEFE,
002269DD,
00000000,
00000000,
00000000,
00000000,
FEC71200,
42A2F9FE,
00000000,
00000000,
00000000,
00000000,
00000000,
FEFEBB00,
00001FC4,
00000000,
00000000,
00000000,
00000000,
00000000,
A3FEF039,
00000002,
00000000,
00000000,
00000000,
00000000,
00000000,
05A1FEDE,
00000000,
00000000,
00000000,
00000000,
00000000,
22000000,
224CF8F2,
B1DA866B,
00001A5D,
00000000,
00000000,
00000000,
75000000,
F3F1F8FE,
F0DFEBFE,
0066ECFE,
00000000,
00000000,
00000000,
C6000000,
90C9FEFE,
1F00163A,
68E9FA8E,
00000000,
00000000,
00000000,
12000000,
000F5597,
00000000,
AFFE8400,
00000001,
00000000,
00000000,
00000000,
00000000,
00000000,
FEFE6C00,
00000009,
00000000,
00000000,
00000000,
00000000,
00000000,
B0FED121,
00000001,
00000000,
00000000,
00000000,
00000000,
40000000,
2DE9FEE4,
00000000,
00000000,
00000000,
00000000,
00000000,
FAB6620E,
004FE7FE,
00000000,
00000000,
00000000,
1B1C0000,
9775671B,
F0FEFEDE,
00001C8E,
00000000,
00000000,
00000000,
F9F20000,
F5F7FDFA,
1E64B8F1,
00000000,
00000000,
00000000,
00000000,
2E000000,
14224131,
00000000,
00000000,
00000000,
00000000,
00000000,
00000000,
00000000,
00000000,
00000000,
00000000,
00000000,
00000000,
00000000,
00000000,
00000000,
00000000,
00000000,
00000000,
00000000,
00000000,
00000000,
00000000,
00000000,
00000000,
00000000,
00000000,
00000000,
00000000,
00000000,
00000000,
00000000,
00000000,
00000000,
00000000,
00000000,
00000000,
00000000,
00000000,
00000000,
00000000,
00000000,
00000000,
00000000,
00000000,
00000000,
00000000,
00000000,
00000000,
00000000,
00000000,
00000000,
00000000,
00000000,
00000000,
00000000,
00000000,
9A260000,
004DF1D7,
00000000,
00000000,
00000000,
00000000,
00000000,
B1E95100,
00001746,
00000000,
00000000,
00000000,
00000000,
95929234,
0073E0B1,
00000000,
00000000,
00000000,
00000000,
00000000,
B8A1CFDD,
00002B6A,
00000000,
00000000,
00000000,
00000000,
0B000000,
00003EF8,
00000000,
00000000,
00000000,
00000000,
00000000,
35000000,
00003EFC,
00000000,
00000000,
00000000,
00000000,
00000000,
44000000,
00003EFD,
00000000,
00000000,
00000000,
00000000,
00000000,
92000000,
00003EFE,
200D1F04,
00011F37,
00000000,
00000000,
00000000,
6B000000,
530E3EFE,
FEE2FED6,
41B5FEFE,
00000000,
00000000,
00000000,
46000000,
FBE19AFE,
174654A7,
FAB35B17,
00000069,
00000000,
00000000,
16000000,
219ADCCC,
00000000,
6E000000,
000035FF,
00000000,
00000000,
00000000,
00000000,
00000000,
09000000,
0000E6D2,
00000000,
00000000,
00000000,
00000000,
00000000,
00000000,
0028FA5F,
00000000,
00000000,
00000000,
00000000,
00000000,
00000000,
0045FE3E,
00000000,
00000000,
00000000,
00000000,
00000000,
00000000,
0011F84A,
00000000,
00000000,
00000000,
00000000,
00000000,
00000000,
0000F6B5,
00000000,
00000000,
00000000,
00001F01,
00000000,
12010000,
0000C0E5,
00000000,
00000000,
00000000,
024EEC0E,
00000000,
E9A11200,
000009B9,
00000000,
00000000,
00000000,
5AFE7200,
55370C20,
81EAEAA8,
00000007,
00000000,
00000000,
00000000,
E2820400,
F7FEECF4,
00286DB0,
00000000,
00000000,
00000000,
00000000,
00000000,
00000000,
00000000,
00000000,
00000000,
00000000,
00000000,
00000000,
00000000,
00000000,
00000000,
00000000,
00000000,
00000000,
00000000,
00000000,
00000000,
00000000,
00000000,
00000000,
00000000,
00000000,
00000000,
00000000,
00000000,
00000000,
00000000,
00000000,
00000000,
00000000,
00000000,
00000000,
00000000,
00000000,
00000000,
00000000,
00000000,
00000000,
00000000,
00000000,
00000000,
00000000,
00000000,
00000000,
00000000,
00000000,
00000000,
00000000,
00000000,
D9CE1000,
00000000,
00000000,
00000000,
00000000,
00000000,
00000000,
D8FDCD11,
00000000,
00000000,
00000000,
00000000,
00000000,
11000000,
8BFBFDCD,
00000000,
00000000,
00000000,
00000000,
00000000,
88000000,
0095FDFD,
00000000,
00000000,
00000000,
00000000,
00000000,
D0140000,
0027EEFD,
00000000,
00000000,
00000000,
00000000,
00000000,
FDD10000,
000095FD,
00000000,
00000000,
00000000,
00000000,
00000000,
FDFE0000,
000024F1,
00000000,
00000000,
00000000,
00000000,
00000000,
FDFF0000,
000000EB,
00000000,
32323226,
00053232,
00000000,
00000000,
FDFE0000,
000000EB,
B4440000,
FDFDFDEC,
7EBBFDFD,
0000001E,
00000000,
FDFE0000,
000000EB,
FDC60D00,
94BFCCFD,
FDF7B080,
00007EDE,
00000000,
FDFE0000,
0000008C,
FDFD9000,
00000EA8,
D76C0000,
0000FDFD,
00000000,
FDFE0000,
000000D0,
FDFDAE00,
0000003D,
70000000,
0000FDFD,
00000000,
FDFE0000,
000000EB,
FDFDAE00,
0000003D,
70000000,
0000D6FD,
00000000,
FDFE0000,
000024F1,
FDFDAE00,
000000A4,
70000000,
000057FD,
00000000,
FD670000,
0055E8FD,
E57D1900,
0040B5F4,
9D000000,
000070FD,
00000000,
CF040000,
00D0FDFD,
72000000,
57F4FDE5,
F32A0000,
000051FD,
00000000,
19000000,
96FAFDFD,
00000024,
F5B59434,
FDE46AB8,
0000015F,
00000000,
01000000,
FDFDCF58,
7070D3F2,
AC767070,
1ACFFDFD,
00000001,
00000000,
00000000,
D2875000,
FDFDFDFD,
D5FDFDFD,
00075787,
00000000,
00000000,
00000000,
04000000,
8181811B,
19818181,
00000000,
00000000,
00000000,
00000000,
00000000,
00000000,
00000000,
00000000,
00000000,
00000000,
00000000,
00000000,
00000000,
00000000,
00000000,
00000000,
00000000,
00000000,
00000000,
00000000,
00000000,
00000000,
00000000,
00000000,
00000000,
00000000,
00000000,
00000000,
00000000,
00000000,
00000000,
00000000,
00000000,
00000000,
00000000,
00000000,
00000000,
00000000,
00000000,
00000000,
00000000,
00000000,
00000000,
00000000,
00000000,
00000000,
00000000,
00000000,
00000000,
00000000,
00000000,
00000000,
00000000,
00000000,
00000000,
00000000,
00000000,
00000000,
00000000,
00000000,
00000000,
00000000,
00000000,
00000000,
00000000,
00000000,
00000000,
00000000,
00000000,
00000000,
00000000,
00000000,
00000000,
00000000,
0A000000,
E568041D,
000A81FD,
00000000,
00000000,
00000000,
00000000,
55000000,
FCFCB3FC,
0D7AFDFC,
00000000,
00000000,
00000000,
00000000,
7B000000,
94FCFDFC,
8FFCFD38,
00000000,
00000000,
00000000,
00000000,
F6330000,
0666FDFC,
A8FC9900,
00000000,
00000000,
00000000,
00000000,
FDAA0000,
0054FFFD,
FDCF0D00,
0000005B,
00000000,
00000000,
00000000,
FCA90000,
0041F7FC,
FCA90000,
000000D7,
00000000,
00000000,
00000000,
FCA90000,
000064FC,
FC520000,
000000FC,
00000000,
00000000,
00000000,
FCF31A00,
000000FC,
FC390000,
000000FC,
00000000,
00000000,
00000000,
FDFD2900,
000000FD,
FD390000,
000000FD,
00000000,
00000000,
00000000,
FCFC8D00,
000000FC,
FC390000,
000000FC,
00000000,
00000000,
00000000,
E0FCE500,
000000A8,
FC390000,
000000FC,
00000000,
00000000,
00000000,
A8FCFD00,
00000000,
FC390000,
000000FC,
00000000,
00000000,
00000000,
A8FDFE00,
00000000,
FD780000,
000000BE,
00000000,
00000000,
00000000,
5DFCFD00,
00000000,
FCA90000,
00000041,
00000000,
00000000,
00000000,
38FCFD00,
00000000,
FCC50A00,
0000001C,
00000000,
00000000,
00000000,
9CFCFD00,
00000000,
B1FCB300,
00000003,
00000000,
00000000,
00000000,
B2FDB300,
42130010,
19D1FEBF,
00000000,
00000000,
00000000,
00000000,
FCEA1600,
FCE1A9D7,
001CD1FC,
00000000,
00000000,
00000000,
00000000,
FC830000,
FCFCFDFC,
000019D6,
00000000,
00000000,
00000000,
00000000,
41070000,
67B1FDF0,
0000000F,
00000000,
00000000,
00000000,
00000000,
00000000,
00000000,
00000000,
00000000,
00000000,
00000000,
00000000,
00000000,
00000000,
00000000,
00000000,
00000000,
00000000,
00000000,
00000000,
00000000,
00000000,
00000000,
00000000,
00000000,
00000000,
00000000,
00000000,
00000000,
00000000,
00000000,
00000000,
00000000,
00000000,
00000000,
00000000,
00000000,
00000000,
00000000,
00000000,
00000000,
00000000,
00000000,
00000000,
00000000,
00000000,
00000000,
00000000,
00000000,
00000000,
00000000,
00000000,
00000000,
00000000,
00000000,
00000000,
00000000,
00000000,
00000000,
00000000,
00000000,
008DFD5C,
00000000,
00000000,
00000000,
00000000,
00000000,
13000000,
18F1FCC4,
00000000,
00000000,
0061E193,
00000000,
00000000,
39000000,
1BFDFCFC,
00000000,
20000000,
00C3FCFD,
00000000,
00000000,
39000000,
09B2FCFC,
00000000,
8C000000,
0066FCFD,
00000000,
00000000,
39000000,
008CFCFC,
00000000,
CB100000,
0037FCFD,
00000000,
00000000,
78000000,
008DFDFD,
00000000,
FD1D0000,
001FD7FF,
00000000,
00000000,
C5000000,
008CFCFC,
00000000,
FC1D0000,
00002AFD,
00000000,
00000000,
C5000000,
001FFCFC,
00000000,
FC4F0D00,
00001BFD,
00000000,
00000000,
EA390000,
0000ECFC,
00000000,
FCFC3900,
000009B2,
00000000,
00000000,
FC550000,
8C8DBDFC,
4F8C8C8C,
FCFCA530,
0000008C,
00000000,
00000000,
FD560000,
FDFFFDFD,
FFFDFDFD,
FDFDFDFD,
0000008D,
00000000,
00000000,
E9390000,
FCFDFCFC,
D7D6F2FC,
FCFCFCF3,
0000008C,
00000000,
00000000,
4B000000,
3738C3C3,
1F1F3137,
DCFCD132,
0000001F,
00000000,
00000000,
00000000,
00000000,
00000000,
70FCEA49,
00000000,
00000000,
00000000,
00000000,
00000000,
00000000,
70FCFCE1,
00000000,
00000000,
00000000,
00000000,
00000000,
00000000,
70FDFDE2,
00000000,
00000000,
00000000,
00000000,
00000000,
65000000,
4AF2FCF9,
00000000,
00000000,
00000000,
00000000,
00000000,
71000000,
58F6FCFC,
00000000,
00000000,
00000000,
00000000,
00000000,
26000000,
639AFCEA,
00000000,
00000000,
00000000,
00000000,
00000000,
00000000,
0054FC92,
00000000,
00000000,
00000000,
00000000,
00000000,
00000000,
00000000,
00000000,
00000000,
00000000,
00000000,
00000000,
00000000,
00000000,
00000000,
00000000,
00000000,
00000000,
00000000,
00000000,
00000000,
00000000,
00000000,
00000000,
00000000,
00000000,
00000000,
00000000,
00000000,
00000000,
00000000,
00000000,
00000000,
00000000,
00000000,
00000000,
00000000,
00000000,
00000000,
00000000,
00000000,
00000000,
00000000,
00000000,
00000000,
00000000,
00000000,
00000000,
00000000,
00000000,
00000000,
00000000,
00000000,
00000000,
00000000,
00000000,
00000000,
00000000,
00000000,
00000000,
00000000,
4D000000,
000067FE,
00000000,
00000000,
00000000,
00000000,
00000000,
CB000000,
0000D9FD,
00000000,
00000000,
00000000,
00000000,
00000000,
FE000000,
0000C7FD,
00000000,
00000000,
00000000,
00000000,
00000000,
FE000000,
000060FD,
00000000,
00000000,
00000000,
00000000,
00000000,
FE000000,
000049F7,
00000000,
00000000,
00000000,
00000000,
00000000,
FE230000,
000000E5,
00000000,
00000000,
00000000,
00000000,
00000000,
FEA20000,
00000082,
00000000,
00000000,
00000000,
00000000,
00000000,
FEF20000,
0000006D,
00000000,
00000000,
00000000,
00000000,
00000000,
F3FC6400,
0000000A,
00000000,
00000000,
00000000,
00000000,
00000000,
7FFD6E00,
00000000,
00000000,
00000000,
00000000,
00000000,
00000000,
00FE7400,
00000000,
00000000,
00000000,
00000000,
00000000,
00000000,
00FDE80A,
00000000,
00000000,
00000000,
00000000,
00000000,
00000000,
00ECFD62,
00000000,
00000000,
00000000,
00000000,
00000000,
00000000,
006EFDB2,
00000000,
00000000,
00000000,
00000000,
00000000,
00000000,
000BFDDA,
00000000,
00000000,
00000000,
00000000,
00000000,
00000000,
0003AADA,
00000000,
00000000,
00000000,
00000000,
00000000,
1D000000,
000090E6,
00000000,
00000000,
00000000,
00000000,
00000000,
55000000,
000090FD,
00000000,
00000000,
00000000,
00000000,
00000000,
08000000,
000090DD,
00000000,
00000000,
00000000,
00000000,
00000000,
00000000,
0006C4A0,
00000000,
00000000,
00000000,
00000000,
00000000,
00000000,
00000000,
00000000,
00000000,
00000000,
00000000,
00000000,
00000000,
00000000,
00000000,
00000000,
00000000,
00000000,
00000000,
00000000,
00000000,
00000000,
00000000,
00000000,
00000000,
00000000,
00000000,
00000000,
00000000,
00000000,
00000000,
00000000,
00000000,
00000000,
00000000,
00000000,
00000000,
00000000,
00000000,
00000000,
00000000,
00000000,
00000000,
00000000,
00000000,
00000000,
00000000,
00000000,
00000000,
00000000,
00000000,
00000000,
00000000,
00000000,
00000000,
00000000,
00000000,
00000000,
00000000,
00000000,
00000000,
00000000,
00000000,
00000000,
00000000,
00000000,
00000000,
00000000,
00000000,
00000000,
00000000,
00000000,
00000000,
00000000,
00000000,
00000000,
9D491B00,
1BA3C3A3,
00000000,
00000000,
00000000,
00000000,
3C000000,
FDFEF2B8,
9EFDFDFD,
00000004,
00000000,
00000000,
00000000,
F8B33200,
C5D9FDFD,
FEF2A57F,
0000003F,
00000000,
00000000,
02000000,
FAFDEA74,
000050A3,
FEB50000,
0000006C,
00000000,
00000000,
74000000,
3ED6FEFD,
00000000,
FEB50000,
00000DA0,
00000000,
00000000,
FE5F0000,
0007B6FE,
00000000,
FFE42600,
00007FFE,
00000000,
00000000,
FD800000,
000007C9,
20000000,
FEFDAC37,
00002AFD,
00000000,
00000000,
FD800000,
202545CF,
EEBA6610,
FEFDFDFD,
000005A0,
00000000,
00000000,
F9560000,
F5FDFEFD,
FDFEFDDE,
FEFDFDFD,
00000066,
00000000,
00000000,
60000000,
FDFDFEE3,
4888DCFD,
E4FDD669,
0000000C,
00000000,
00000000,
00000000,
2E5B3B00,
00000000,
5CFEFE3F,
00000000,
00000000,
00000000,
00000000,
00000000,
00000000,
07C9FDB3,
00000000,
00000000,
00000000,
00000000,
00000000,
1C000000,
0055FDEB,
00000000,
00000000,
00000000,
00000000,
00000000,
7F000000,
0010EEFD,
00000000,
00000000,
00000000,
00000000,
00000000,
91000000,
0000CAFD,
00000000,
00000000,
00000000,
00000000,
00000000,
F12F0000,
000090FE,
00000000,
00000000,
00000000,
00000000,
00000000,
FDB60000,
000051F5,
00000000,
00000000,
00000000,
00000000,
00000000,
FDFE2E00,
0000008A,
00000000,
00000000,
00000000,
00000000,
00000000,
DFFE9B00,
00000048,
00000000,
00000000,
00000000,
00000000,
00000000,
46C33B00,
00000000,
00000000,
00000000,
00000000,
00000000,
00000000,
00000000,
00000000,
00000000,
00000000,
00000000,
00000000,
00000000,
00000000,
00000000,
00000000,
00000000,
00000000,
00000000,
00000000,
00000000,
00000000,
00000000,
00000000,
00000000,
00000000,
00000000,
00000000,
00000000,
00000000,
00000000,
00000000,
00000000,
00000000,
00000000,
00000000,
00000000,
00000000,
00000000,
00000000,
00000000,
00000000,
00000000,
00000000,
00000000,
00000000,
00000000,
00000000,
00000000,
00000000,
00000000,
00000000,
00000000,
00000000,
00000000,
00000000,
00000000,
7B080000,
000000A2,
00000000,
00000000,
00000000,
00000000,
00000000,
E1CA6754,
00000055,
00000000,
00000000,
00000000,
00000000,
DFAB2812,
3A4AECF0,
00000000,
00000000,
00000000,
00000000,
86403100,
A1FDFFF0,
00240E39,
00000000,
00000000,
00000000,
D4620000,
FDFDF3D5,
1544C0FD,
00000000,
00000000,
00000000,
00000000,
E6A00000,
509FE6E7,
00000000,
00000000,
00000000,
00000000,
00000000,
79542400,
00001B1B,
00000000,
00000000,
00000000,
00000000,
00000000,
395E7E2B,
00000000,
00000000,
00000000,
00000000,
00000000,
00000000,
0030CA55,
00000000,
00000000,
00000000,
00000000,
00000000,
00000000,
23F3ED0E,
00000000,
00000000,
00000000,
00000000,
00000000,
00000000,
D2FFB424,
000025C1,
00000000,
00000000,
00000000,
00000000,
00000000,
3F3F2000,
00008EB7,
00000000,
00000000,
00000000,
00000000,
00000000,
00000000,
0009CC95,
00000000,
00000000,
00000000,
00000000,
00000000,
00000000,
000EE1FE,
00000000,
00000000,
00000000,
00000000,
00000000,
00000000,
00045EFE,
00000000,
00000000,
00000000,
00000000,
00000000,
00000000,
00000BDC,
00000000,
00000000,
00000000,
00000000,
00000000,
AD160000,
00003FFE,
00000000,
00000000,
00000000,
00000000,
00000000,
FD7D0200,
000020E0,
00000000,
00000000,
00000000,
00000000,
00000000,
C8FD1600,
00000024,
00000000,
00000000,
00000000,
00000000,
00000000,
07820400,
00000000,
00000000,
00000000,
00000000,
00000000,
00000000,
00000000,
00000000,
00000000,
00000000,
00000000,
00000000,
00000000,
00000000,
00000000,
00000000,
00000000,
00000000,
00000000,
00000000,
00000000,
00000000,
00000000,
00000000,
00000000,
00000000,
00000000,
00000000,
00000000,
00000000,
00000000,
00000000,
00000000,
00000000,
00000000,
00000000,
00000000,
00000000,
00000000,
00000000,
00000000,
00000000,
00000000,
00000000,
00000000,
00000000,
00000000,
00000000,
00000000,
00000000,
00000000,
00000000,
00000000,
00000000,
00000000,
00000000,
00000000,
00000000,
00000000,
00000000,
00000000,
00000000,
00000000,
00000000,
00000000,
00000000,
00000000,
BF400000,
808080FF,
00000040,
00000000,
00000000,
00000000,
00000000,
FF800000,
FFFFFFFF,
FFFFFFFF,
408080FF,
00000000,
00000000,
00000000,
FF400000,
FFFFFFFF,
FFFFFFFF,
FFFFFFFF,
000040BF,
00000000,
00000000,
00000000,
80804040,
FFFF8080,
FFFFFFFF,
0080FFFF,
00000000,
00000000,
00000000,
00000000,
00000000,
FFBF4000,
FFFFFFFF,
00000040,
00000000,
00000000,
00000000,
00000000,
40000000,
FFFFFFFF,
00000080,
00000000,
00000000,
00000000,
00000000,
00000000,
FFFFFF40,
00000080,
00000000,
00000000,
00000000,
00000000,
00000000,
FFFF8000,
000000FF,
00000000,
00000000,
00000000,
00000000,
00000000,
FFFF8000,
000040FF,
00000000,
00000000,
00000000,
00000000,
00000000,
FFFF8000,
000080FF,
00000000,
00000000,
00000000,
00000000,
00000000,
FFFF8000,
000000FF,
00000000,
00000000,
00000000,
00000000,
00000000,
FFFF8000,
000000BF,
00000000,
00000000,
00000000,
00000000,
00000000,
FFFFBF00,
00000080,
00000000,
00000000,
00000000,
00000000,
00000000,
FFFFFF80,
00000040,
00000000,
00000000,
00000000,
00000000,
00000000,
BFFFFFFF,
00000000,
00000000,
00000000,
00000000,
00000000,
00000000,
40FFFFFF,
00000000,
00000000,
00000000,
00000000,
00000000,
BF000000,
00FFFFFF,
00000000,
00000000,
00000000,
00000000,
00000000,
FF800000,
00BFFFFF,
00000000,
00000000,
00000000,
00000000,
00000000,
FF800000,
0000BFFF,
00000000,
00000000,
00000000,
00000000,
00000000,
FF800000,
000040FF,
00000000,
00000000,
00000000,
00000000,
00000000,
00000000,
00000000,
00000000,
00000000,
00000000,
00000000,
00000000,
00000000,
00000000,
00000000,
00000000,
00000000,
00000000,
00000000,
00000000,
00000000,
00000000,
00000000,
00000000,
00000000,
00000000,
00000000,
00000000,
00000000,
00000000,
00000000,
00000000,
00000000,
00000000,
00000000,
00000000,
00000000,
00000000,
00000000,
00000000,
00000000,
00000000,
00000000,
00000000,
00000000,
00000000,
00000000,
2F2F2B00,
00000000,
00000000,
00000000,
00000000,
00000000,
09000000,
FDFDF96C,
CFCFCFD0,
000D4195,
00000000,
00000000,
00000000,
B8090000,
FDFDFDFE,
FDFDFDFE,
19D5FDFE,
00000000,
00000000,
00000000,
FECB3700,
7F7FC7FE,
44545D3C,
A1FEDE97,
00000000,
00000000,
00000000,
FDFD8A00,
000013C7,
00000000,
D3FD9B00,
00000000,
00000000,
00000000,
FDFD8A00,
00000011,
00000000,
D3FDF14A,
00000000,
00000000,
00000000,
FDFD6900,
00000066,
22000000,
A0FDFDE5,
00000000,
00000000,
00000000,
FE950000,
000028E5,
FE992600,
19B4FEFE,
00000000,
00000000,
00000000,
C6130000,
2209CFFE,
FDFDEB48,
000D8BE0,
00000000,
00000000,
00000000,
11000000,
F0D7FDD3,
80EAFDFE,
00000011,
00000000,
00000000,
00000000,
66000000,
FDFDFDE5,
000D4DE4,
00000000,
00000000,
00000000,
00000000,
FEFEAA46,
FEFEFEFE,
00000077,
00000000,
00000000,
00000000,
E6821A00,
B9FDFDFE,
FDD34073,
000015F8,
00000000,
00000000,
00000000,
FDFDE8A6,
0D2EA2F7,
FDF55B07,
000038FE,
00000000,
00000000,
00000000,
FDFDFD80,
9F7F5DD2,
FDFDFDCC,
00000FE4,
00000000,
00000000,
00000000,
FEF18600,
FEFEFEFF,
E4FEFEFE,
00000022,
00000000,
00000000,
00000000,
731B0000,
CECECE8C,
0F7BCECF,
00000000,
00000000,
00000000,
00000000,
00000000,
00000000,
00000000,
00000000,
00000000,
00000000,
00000000,
00000000,
00000000,
00000000,
00000000,
00000000,
00000000,
00000000,
00000000,
00000000,
00000000,
00000000,
00000000,
00000000,
00000000,
00000000,
00000000,
00000000,
00000000,
00000000,
00000000,
00000000,
00000000,
00000000,
00000000,
00000000,
00000000,
00000000,
00000000,
00000000,
00000000,
00000000,
00000000,
00000000,
00000000,
00000000,
00000000,
00000000,
00000000,
00000000,
00000000,
00000000,
00000000,
00000000,
00000000,
00000000,
00000000,
00000000,
00000000,
00000000,
00000000,
00000000,
00000000,
00000000,
00000000,
00000000,
00000000,
00000000,
00000000,
00000000,
00000000,
00000000,
00000000,
00000000,
00000000,
00000000,
00000000,
00000000,
00000000,
00000000,
00000000,
00000000,
00000000,
00000000,
00000000,
00000000,
00000000,
00000000,
00000000,
FE8E0000,
8CC7ACCC,
00021B5B,
00000000,
00000000,
00000000,
00000000,
51DE4400,
EDB9994A,
1DC2FAED,
00000000,
00000000,
00000000,
00000000,
00C4A600,
00000000,
0B517300,
00000000,
00000000,
00000000,
00000000,
009FD500,
00000000,
00000000,
00000000,
00000000,
00000000,
00000000,
0073DC07,
00000000,
00000000,
00000000,
00000000,
00000000,
00000000,
0082F622,
00000000,
00000000,
00000000,
00000000,
00000000,
00000000,
15F6A800,
00000000,
0000458A,
00000000,
00000000,
00000000,
00000000,
63FE8300,
00000000,
00008BBD,
00000000,
00000000,
00000000,
00000000,
6BFE5200,
55000000,
000059E5,
00000000,
00000000,
00000000,
00000000,
E4C40200,
9A00000B,
000039FE,
00000000,
00000000,
00000000,
00000000,
FE6E0000,
CF090181,
000039FF,
00000000,
00000000,
00000000,
00000000,
C1000000,
AFBCB7FE,
000039FE,
00000000,
00000000,
00000000,
00000000,
11000000,
92169374,
000039FE,
00000000,
00000000,
00000000,
00000000,
00000000,
63000000,
000039FE,
00000000,
00000000,
00000000,
00000000,
00000000,
63000000,
000039FE,
00000000,
00000000,
00000000,
00000000,
00000000,
A7000000,
000039FE,
00000000,
00000000,
00000000,
00000000,
00000000,
87000000,
000008E8,
00000000,
00000000,
00000000,
00000000,
00000000,
63000000,
000034FB,
00000000,
00000000,
00000000,
00000000,
00000000,
63000000,
000029F6,
00000000,
00000000,
00000000,
00000000,
00000000,
7E000000,
000000E5,
00000000,
00000000,
00000000,
00000000,
00000000,
00000000,
00000000,
00000000,
00000000,
00000000,
00000000,
00000000,
00000000,
00000000,
00000000,
00000000,
00000000,
00000000,
00000000,
00000000,
00000000,
00000000,
00000000,
00000000,
00000000,
00000000,
00000000,
00000000,
00000000,
00000000,
00000000,
00000000,
00000000,
00000000,
00000000,
00000000,
00000000,
00000000,
00000000,
37000000,
000B57C0,
00000000,
00000000,
00000000,
00000000,
00000000,
A9000000,
2BAAFDFC,
00000000,
00000000,
00000000,
00000000,
00000000,
6F000000,
E9FCFDF9,
00000465,
00000000,
00000000,
00000000,
00000000,
00000000,
FCFCE373,
001B8AFC,
00000000,
00000000,
00000000,
00000000,
00000000,
93705700,
0096FCFC,
00000000,
00000000,
00000000,
00000000,
00000000,
09000000,
7DFFF784,
00000000,
00000000,
00000000,
00000000,
00000000,
00000000,
C4FDB000,
00000007,
00000000,
00000000,
00000000,
00000000,
00000000,
FCFD0900,
00000015,
00000000,
00000000,
00000000,
00000000,
00000000,
FCFD6200,
00000015,
00000000,
00000000,
00000000,
00000000,
09000000,
B6FDF684,
00000004,
00000000,
00000000,
00000000,
E3FD9200,
C97B8394,
1BD4FDFD,
00000000,
00000000,
00000000,
00000000,
FCFC9B00,
FCFCFDFC,
001B7CE7,
00000000,
00000000,
00000000,
00000000,
7E4A0700,
FCFCECD6,
00000091,
00000000,
00000000,
00000000,
00000000,
00000000,
FC8C0E00,
00001CE7,
00000000,
00000000,
00000000,
00000000,
00000000,
F4320000,
00002AFC,
00000000,
00000000,
00000000,
7C000000,
0000003E,
F5320000,
00002AFD,
00000000,
00000000,
00000000,
F2540000,
0000001B,
FCD39224,
00002AFC,
00000000,
00000000,
00000000,
FCB00200,
7F1F1616,
F2FCFDDF,
00000486,
00000000,
00000000,
00000000,
FCFC1600,
FCFCFCFD,
2A6EBEFC,
00000000,
00000000,
00000000,
00000000,
FCB60400,
939BFCFD,
0000003B,
00000000,
00000000,
00000000,
00000000,
00000000,
00000000,
00000000,
00000000,
00000000,
00000000,
00000000,
00000000,
00000000,
00000000,
00000000,
00000000,
00000000,
00000000,
00000000,
00000000,
00000000,
00000000,
00000000,
00000000,
00000000,
00000000,
00000000,
00000000,
00000000,
00000000,
00000000,
00000000,
00000000,
00000000,
00000000,
00000000,
00000000,
00000000,
00000000,
00000000,
00000000,
00000000,
00000000,
00000000,
00000000,
00000000,
00000000,
00000000,
00000000,
00000000,
00000000,
00000000,
00000000,
00000000,
00000000,
00000000,
00000000,
00000000,
00000000,
00000000,
00000000,
00000000,
00000000,
00000000,
00000000,
00000000,
00000000,
00000000,
00000000,
00000000,
00000000,
00000000,
00000000,
00000000,
00000000,
00000000,
00000000,
00000000,
00000000,
00000000,
00000000,
00000000,
00000000,
00000000,
00000000,
00000000,
00000000,
00000000,
F2FFC544,
A9D4EC91,
5F828282,
7455826B,
01074C46,
00000000,
00000000,
FDFDF87D,
FDFDFDFD,
FDFDFDFD,
FDFDFDFD,
0CFDFDFD,
00000000,
00000000,
6F6F3C00,
6F6F6F6F,
EBEBEB8A,
FDF1EEF1,
3CFDFDFD,
00000000,
00000000,
00000000,
00000000,
00000000,
EF301222,
03AAF2FD,
00000000,
00000000,
00000000,
00000000,
00000000,
FD6D0000,
00008DFD,
00000000,
00000000,
00000000,
00000000,
00000000,
FDF04A00,
00003CDB,
00000000,
00000000,
00000000,
2C562F00,
000B2C2C,
ECFDEF4B,
00000014,
00000000,
00000000,
00000000,
FDFDE016,
AEC1FDFD,
ADFDFDEE,
00001C32,
00000000,
00000000,
00000000,
FDFDCE19,
FDFDFDFD,
FDFDFDFD,
1FB4DDFD,
00000000,
00000000,
00000000,
80440A00,
FDFDED9B,
FDFDFDFD,
63FDFDFD,
00000000,
00000000,
00000000,
00000000,
FDFDED2B,
3D3D8EC6,
023D3D3D,
00000000,
00000000,
00000000,
0F000000,
9EFDFDAF,
0000000B,
00000000,
00000000,
00000000,
00000000,
96000000,
0B62FDFD,
00000000,
00000000,
00000000,
00000000,
00000000,
F04F0000,
000B9FFD,
00000000,
00000000,
00000000,
00000000,
00000000,
FDF12100,
00000ACD,
00000000,
00000000,
00000000,
00000000,
00000000,
EAFD5700,
0000003C,
00000000,
00000000,
00000000,
00000000,
00000000,
5CFDF551,
00000000,
00000000,
00000000,
00000000,
00000000,
4F000000,
2DEAFDF7,
00000000,
00000000,
00000000,
00000000,
00000000,
F9120000,
0034ECFD,
00000000,
00000000,
00000000,
00000000,
00000000,
FD130000,
00009BFD,
00000000,
00000000,
00000000,
00000000,
00000000,
00000000,
00000000,
00000000,
00000000,
00000000,
00000000,
00000000,
00000000,
00000000,
00000000,
00000000,
00000000,
00000000,
00000000,
00000000,
00000000,
00000000,
00000000,
00000000,
00000000,
00000000,
00000000,
00000000,
00000000,
00000000,
00000000,
00000000,
00000000,
00000000,
00000000,
00000000,
00000000,
00000000,
00000000,
00000000,
00000000,
00000000,
00000000,
00000000,
00000000,
00000000,
00000000,
00000000,
00000000,
00000000,
000051DB,
00000000,
00000000,
00000000,
00000000,
00000000,
00000000,
000090DA,
00000000,
00000000,
00000000,
00000000,
13000000,
00000B79,
000090DA,
00000000,
00000000,
00000000,
00000000,
25000000,
000048FE,
000090DA,
00000000,
00000000,
00000000,
00000000,
25000000,
000048FE,
000090DA,
00000000,
00000000,
00000000,
00000000,
66000000,
000063FE,
0000ABC1,
00000000,
00000000,
00000000,
00000000,
8C000000,
00004FFE,
0000EB80,
00000000,
00000000,
00000000,
00000000,
DF080000,
00003EFB,
0000EB80,
00000000,
00000000,
00000000,
00000000,
FE840000,
6E6E87FA,
0000A4D6,
00000000,
00000000,
00000000,
00000000,
FEEC0000,
FEFFFEFE,
000090FE,
00000000,
00000000,
00000000,
00000000,
FEED0000,
3B3B55C5,
000091E8,
00000000,
00000000,
00000000,
00000000,
4CB90000,
20000004,
000090EE,
00000000,
00000000,
00000000,
00000000,
00000000,
24000000,
000090F1,
00000000,
00000000,
00000000,
00000000,
00000000,
37000000,
000090FE,
00000000,
00000000,
00000000,
00000000,
00000000,
37000000,
000090FE,
00000000,
00000000,
00000000,
00000000,
00000000,
51000000,
000057FE,
00000000,
00000000,
00000000,
00000000,
00000000,
91000000,
000036FE,
00000000,
00000000,
00000000,
00000000,
00000000,
91000000,
000036FE,
00000000,
00000000,
00000000,
00000000,
00000000,
91000000,
00000CE1,
00000000,
00000000,
00000000,
00000000,
00000000,
72000000,
00000078,
00000000,
00000000,
00000000,
00000000,
00000000,
00000000,
00000000,
00000000,
00000000,
00000000,
00000000,
00000000,
00000000,
00000000,
00000000,
00000000,
00000000,
00000000,
00000000,
00000000,
00000000,
00000000,
00000000,
00000000,
00000000,
00000000,
00000000,
00000000,
00000000,
00000000,
00000000,
00000000,
00000000,
00000000,
00000000,
00000000,
00000000,
00000000,
00000000,
02000000,
00009365,
00000000,
00000000,
00000000,
00000000,
00000000,
28000000,
0000AFFC,
00000000,
00000000,
00000000,
00000000,
00000000,
D5000000,
000084FC,
00000000,
00000000,
00000000,
00000000,
00000000,
FA930500,
0000038F,
00000000,
00000000,
00000000,
00000000,
00000000,
62FC5000,
00000000,
00000000,
00000000,
00000000,
00000000,
00000000,
0EDDA500,
00000000,
14000000,
00000013,
00000000,
00000000,
00000000,
006EF34A,
00000000,
EC7F0A00,
0000ADEC,
00000000,
00000000,
00000000,
0000C597,
00000000,
FCFCEC3C,
003DF8FC,
00000000,
00000000,
00000000,
0000A3F2,
0B000000,
42A8FCC7,
0045F9D4,
00000000,
00000000,
2C000000,
00000CE3,
B1000000,
0002A6FC,
0000F1C6,
00000000,
00000000,
A2000000,
000000D9,
FF3F0000,
000013C9,
0000F297,
00000000,
00000000,
D1000000,
00000095,
FDBB0000,
0000004D,
0000A4C6,
00000000,
00000000,
D1000000,
000000BB,
E2DC0000,
2E00000D,
000083F3,
00000000,
00000000,
D1000000,
00000079,
D3ED2900,
CE0C0000,
00001AFC,
00000000,
00000000,
D1000000,
000000C0,
6FFC4E00,
FC770000,
000008AA,
00000000,
00000000,
D1000000,
000000E6,
6FFC4E00,
FCFA4F00,
00000037,
00000000,
00000000,
69000000,
000084FA,
A4FC4E00,
3CEDDD28,
00000005,
00000000,
00000000,
00000000,
0D9AE7AF,
FDFC6100,
0079FCFC,
00000000,
00000000,
00000000,
00000000,
C1FCE25C,
FDFCECBB,
0057FCFC,
00000000,
00000000,
00000000,
00000000,
F38E2E00,
9D8EDBFC,
000264DF,
00000000,
00000000,
00000000,
00000000,
00000000,
00000000,
00000000,
00000000,
00000000,
00000000,
00000000,
00000000,
00000000,
00000000,
00000000,
00000000,
00000000,
00000000,
00000000,
00000000,
00000000,
00000000,
00000000,
00000000,
00000000,
00000000,
00000000,
00000000,
00000000,
00000000,
00000000,
00000000,
00000000,
00000000,
00000000,
00000000,
00000000,
00000000,
00000000,
00000000,
00000000,
00000000,
00000000,
00000000,
00000000,
00000000,
00000000,
00000000,
00000000,
00000000,
00000000,
00000000,
00000000,
00000000,
00000000,
00000000,
00000000,
00000000,
00000000,
00000000,
00000000,
00000000,
00000000,
00000000,
00000000,
00000000,
00000000,
00000000,
00000000,
00000000,
00000000,
00000000,
00000000,
00000000,
00000000,
00000000,
00000000,
00000000,
00000000,
00000000,
00000000,
00000000,
00000000,
00000000,
2EFFB70D,
00000000,
00000000,
00000000,
00000000,
00000000,
59000000,
1DE8FD88,
00000000,
00000000,
00000000,
00000000,
00000000,
EE650000,
002EF8FD,
00000000,
00000000,
00000000,
002D5409,
00000000,
FDCD0B00,
00004FE7,
00000000,
00000000,
36000000,
004EF6B9,
00000000,
E6565500,
000000BA,
00000000,
00000000,
E91A0000,
000037A3,
00000000,
E79C3F00,
00000039,
00000000,
00000000,
D08E8703,
00000017,
00000000,
8DFDD600,
00000000,
00000000,
00000000,
43FDFD2F,
00000000,
00000000,
81FDDF3B,
00000000,
00000000,
00000000,
43FDFD2F,
00000000,
00000000,
55FDBC33,
00000000,
00000000,
00000000,
93FDFD45,
00000005,
2F000000,
0ACDEF26,
00000000,
00000000,
00000000,
FDFDFD44,
000C63C4,
BB3B3D00,
00AFFBD7,
00000000,
00000000,
00000000,
FDFC7C01,
F9FAFDFD,
FDFCFCF9,
009EFDFD,
00000000,
00000000,
00000000,
C2750000,
FDFDFDFD,
FDC7EBFD,
002FAAFD,
00000000,
00000000,
00000000,
05000000,
0F7D941A,
36060C0F,
0027B8FD,
00000000,
00000000,
00000000,
00000000,
00000000,
0C000000,
0048FDB1,
00000000,
00000000,
00000000,
00000000,
00000000,
8B000000,
0048FDED,
00000000,
00000000,
00000000,
00000000,
00000000,
C2000000,
0018E8FD,
00000000,
00000000,
00000000,
00000000,
00000000,
CB000000,
000085BA,
00000000,
00000000,
00000000,
00000000,
00000000,
F9000000,
00005CA7,
00000000,
00000000,
00000000,
00000000,
00000000,
82000000,
0000000C,
00000000,
00000000,
00000000,
00000000,
00000000,
00000000,
00000000,
00000000,
00000000,
00000000,
00000000,
00000000,
00000000,
00000000,
00000000,
00000000,
00000000,
00000000,
00000000,
00000000,
00000000,
00000000,
00000000,
00000000,
00000000,
00000000,
00000000,
00000000,
00000000,
00000000,
00000000,
00000000,
00000000,
00000000,
00000000,
00000000,
00000000,
00000000,
00000000,
00000000,
00000000,
00000000,
00000000,
00000000,
00000000,
00000000,
00000000,
00000000,
00000000,
00000000,
00000000,
00000000,
00000000,
00000000,
00000000,
00000000,
00000000,
00000000,
00000000,
00000000,
80808040,
BFFF80FF,
00004080,
00000000,
00000000,
00000000,
40000000,
FFBFFFFF,
FFFFFFFF,
0040FFFF,
00000000,
00000000,
00000000,
80000000,
FFFFFFFF,
FFFFFFFF,
40FFFFFF,
00000000,
00000000,
00000000,
40000000,
80808080,
BF800040,
80FFFFFF,
00000000,
00000000,
00000000,
00000000,
00000000,
80000000,
80FFFFFF,
00000000,
00000000,
00000000,
00000000,
00000000,
BF808040,
40FFFFFF,
00000000,
00000000,
00000000,
00000000,
80000000,
FFFFFFFF,
00BFFFFF,
00000000,
00000000,
00000000,
00000000,
FF400000,
FFFFFFFF,
0040BFFF,
00000000,
00000000,
00000000,
00000000,
FFFF8000,
FFFFFFFF,
000000FF,
00000000,
00000000,
00000000,
00000000,
FFFFFF00,
FFFFFFFF,
0040BFFF,
00000000,
00000000,
00000000,
00000000,
FFFFBF00,
FFFFFFFF,
00BFFFFF,
00000000,
00000000,
00000000,
00000000,
80800000,
FF808080,
80FFFFFF,
00000000,
00000000,
00000000,
00000000,
00000000,
40000000,
BFFFFFFF,
00000000,
00000000,
00000000,
00000000,
00000000,
00000000,
FFFFFFFF,
00000000,
00000000,
00000000,
00000000,
40000000,
00000000,
FFFFFFFF,
00000000,
00000000,
00000000,
00000000,
FF800000,
FF4000BF,
80FFFFFF,
00000000,
00000000,
00000000,
00000000,
FFBF8000,
FFFFBFFF,
00FFFFFF,
00000000,
00000000,
00000000,
00000000,
FFFF0000,
FFFFFFFF,
0080FFFF,
00000000,
00000000,
00000000,
00000000,
FFFF0000,
FFFFFFFF,
000040FF,
00000000,
00000000,
00000000,
00000000,
BF000000,
80FFFFFF,
00000040,
00000000,
00000000,
00000000,
00000000,
00000000,
00000000,
00000000,
00000000,
00000000,
00000000,
00000000,
00000000,
00000000,
00000000,
00000000,
00000000,
00000000,
00000000,
00000000,
00000000,
00000000,
00000000,
00000000,
00000000,
00000000,
00000000,
00000000,
00000000,
00000000,
00000000,
00000000,
00000000,
00000000,
00000000,
00000000,
00000000,
00000000,
00000000,
00000000,
00000000,
00000000,
00000000,
00000000,
00000000,
00000000,
00000000,
00000000,
00000000,
00000000,
00000000,
00000000,
00000000,
00000000,
00000000,
00000000,
00000000,
00000000,
00000000,
00000000,
00000000,
00000000,
0000140E,
00000000,
00000000,
00000000,
00000000,
00000000,
6F000000,
3984E8D9,
5C5C5C5C,
0000002B,
00000000,
00000000,
00000000,
FC9F0600,
FCFEFEFE,
FEFEFEFE,
001589FB,
00000000,
00000000,
00000000,
FEFECD25,
EAFEFEFE,
C58585C8,
03B2FEF2,
00000000,
00000000,
20000000,
C8E0FEE0,
20C88A7C,
00000000,
81FEB426,
00000000,
00000000,
DF110000,
0421EFFE,
00040000,
00000000,
F0EB0800,
00000071,
00000000,
FE770500,
000043F9,
00000000,
00000000,
FE540000,
000000FE,
00000000,
FEFE3F00,
00000062,
00000000,
00000000,
FE440000,
000000FE,
00000000,
ECFED000,
00000004,
00000000,
00000000,
FE440000,
000000FE,
00000000,
75FCFE00,
00000000,
00000000,
00000000,
FE490000,
000000F8,
00000000,
2EF4FE00,
00000000,
00000000,
00000000,
FE800000,
000000C2,
00000000,
43FEFF00,
00000000,
00000000,
00000000,
FEF71500,
0000008D,
00000000,
4AFEFF00,
00000001,
00000000,
03000000,
E8FEDE4C,
00000024,
00000000,
FEFEA300,
0000005F,
00000000,
C0712800,
14CFFEFE,
00000000,
00000000,
FEDE1E00,
6386B9F8,
8686863E,
FEFEF3C8,
00098BE9,
00000000,
00000000,
A21C0000,
FEFEFEFC,
FEFEFEFE,
7EF8FEFE,
0000001B,
00000000,
00000000,
00000000,
BABAAC37,
BABABAD4,
00355B7A,
00000000,
00000000,
00000000,
00000000,
00000000,
0000000B,
00000000,
00000000,
00000000,
00000000,
00000000,
00000000,
00000000,
00000000,
00000000,
00000000,
00000000,
00000000,
00000000,
00000000,
00000000,
00000000,
00000000,
00000000,
00000000,
00000000,
00000000,
00000000,
00000000,
00000000,
00000000,
00000000,
00000000,
00000000,
00000000,
00000000,
00000000,
00000000,
00000000,
00000000,
00000000,
00000000,
00000000,
00000000,
00000000,
00000000,
00000000,
00000000,
00000000,
00000000,
00000000,
00000000,
00000000,
00000000,
00000000,
00000000,
00000000,
00000000,
00000000,
00000000,
00000000,
00000000,
00000000,
00000000,
00000000,
00000000,
00000000,
00000000,
00000000,
00000000,
00000000,
00000000,
00000000,
00000000,
00000000,
00000000,
00000000,
00000000,
00000000,
00000000,
00000000,
00000000,
00000000,
00000000,
00000000,
00000000,
00000000,
00000000,
00000000,
00000000,
00000000,
00000000,
00000000,
00000000,
00000000,
0D100000,
00002C0D,
00000000,
00000000,
00000000,
FBDE0000,
F4E5FBFB,
CFFCFBFB,
B7EAF1D0,
00001480,
00000000,
00000000,
FDB50000,
FEFEFEFE,
FEFEFEFE,
FEFEFEFE,
A0B7F9FE,
00001864,
00000000,
0C000000,
0D0D0D0D,
63580D0D,
EF8A738D,
FEFEFEFE,
00006AFF,
00000000,
00000000,
00000000,
00000000,
0D000000,
FEEDA836,
0000F9FE,
00000000,
00000000,
00000000,
00000000,
00000000,
ED360000,
0000FEFE,
00000000,
00000000,
00000000,
00000000,
00000000,
DF1B0000,
0000B0FE,
00000000,
00000000,
00000000,
00000000,
00000000,
FF920000,
000069FE,
00000000,
00000000,
00000000,
00000000,
00000000,
FEDE2A00,
0000009F,
00000000,
00000000,
00000000,
00000000,
00000000,
EEFEDF1A,
00000041,
00000000,
00000000,
00000000,
00000000,
1B000000,
4DFDFED2,
00000000,
00000000,
00000000,
00000000,
00000000,
BF050000,
005CFCFE,
00000000,
00000000,
00000000,
00000000,
00000000,
FE8B0000,
0000BBFE,
00000000,
00000000,
00000000,
00000000,
00000000,
FEF34B00,
00000EBE,
00000000,
00000000,
00000000,
00000000,
00000000,
E5FEE418,
00000023,
00000000,
00000000,
00000000,
00000000,
18000000,
38FEFED0,
00000000,
00000000,
00000000,
00000000,
00000000,
C3030000,
0F87FEFE,
00000000,
00000000,
00000000,
00000000,
00000000,
FE6E0000,
000FA5FE,
00000000,
00000000,
00000000,
00000000,
00000000,
FEC10000,
00001FB2,
00000000,
00000000,
00000000,
00000000,
00000000,
442B0000,
00000000,
00000000,
00000000,
00000000,
00000000,
00000000,
00000000,
00000000,
00000000,
00000000,
00000000,
00000000,
00000000,
00000000,
00000000,
00000000,
00000000,
00000000,
00000000,
00000000,
00000000,
00000000,
00000000,
00000000,
00000000,
00000000,
00000000,
00000000,
00000000,
00000000,
00000000,
00000000,
00000000,
00000000,
00000000,
00000000,
00000000,
00000000,
00000000,
00000000,
00000000,
56000000,
FEFEFEFE,
00000087,
00000000,
00000000,
00000000,
00000000,
FA5A0000,
FDFDFDFD,
76A0F8FC,
0000002D,
00000000,
00000000,
00000000,
FDD80000,
FDFDFDFD,
FDFDFDFD,
000067E8,
00000000,
00000000,
00000000,
FDFB9000,
3130E0FD,
FDFDFDAA,
0000EAFD,
00000000,
00000000,
00000000,
FDFDFB5F,
000012B6,
FDAA3106,
0095FBFD,
00000000,
00000000,
58000000,
FDFDFDE1,
0000003D,
DD1A0000,
2AF5FDFD,
00000000,
00000000,
F5280000,
89FDFDFD,
00000007,
2A000000,
75FDFDDD,
00000000,
00000000,
FD760000,
1BE1FDFD,
00000000,
00000000,
75FDFD9C,
00000000,
00000000,
FD760000,
003AFDFD,
00000000,
00000000,
75FDFD9C,
00000000,
00000000,
FD970000,
0008B1FD,
00000000,
00000000,
D9FDFD9C,
00000000,
00000000,
FDF80000,
00003AFD,
00000000,
00000000,
F7FDFD9C,
00000000,
00000000,
FD9A0000,
000078FD,
00000000,
00000000,
DCFDFD9C,
00000000,
00000000,
FDD00000,
00009BFD,
00000000,
06000000,
75FDFDAE,
00000000,
00000000,
FDA00000,
00009BFD,
00000000,
86070000,
75FDFDFD,
00000000,
00000000,
FD760000,
00009BFD,
00000000,
FD430600,
66FCFDFD,
00000000,
00000000,
F62D0000,
0021D8FD,
07000000,
FDFD861B,
0094FBFD,
00000000,
00000000,
F1000000,
28D8FDFD,
AE969680,
FDFDFDFD,
0000D7FB,
00000000,
00000000,
69000000,
FDFDFDF3,
FDFDFDFD,
FDFDFDFD,
00000099,
00000000,
00000000,
00000000,
FDFDFDE5,
DDFDFDFA,
75B79CD2,
0000002D,
00000000,
00000000,
00000000,
EA8BA100,
5F7B7B53,
00000000,
00000000,
00000000,
00000000,
00000000,
00000000,
00000000,
00000000,
00000000,
00000000,
00000000,
00000000,
00000000,
00000000,
00000000,
00000000,
00000000,
00000000,
00000000,
00000000,
00000000,
00000000,
00000000,
00000000,
00000000,
00000000,
00000000,
00000000,
00000000,
00000000,
00000000,
00000000,
00000000,
00000000,
00000000,
00000000,
00000000,
00000000,
00000000,
00000000,
00000000,
00000000,
00000000,
00000000,
00000000,
00000000,
00000000,
00000000,
00000000,
00000000,
00000000,
00000000,
00000000,
00000000,
00000000,
00000000,
00000000,
00000000,
00000000,
00000000,
2F000000,
FEFEF188,
FFFEFEFE,
000882CA,
00000000,
00000000,
00000000,
E4210000,
FDFDFDFD,
DABF87E7,
36C3FDEA,
00000000,
00000000,
00000000,
F02B0000,
BDFCFDFD,
0000001F,
B2FD9125,
0000000F,
00000000,
00000000,
52000000,
0044B6B6,
00000000,
FD8D0300,
0000009E,
00000000,
00000000,
00000000,
00000000,
00000000,
B6060000,
000055F1,
00000000,
00000000,
00000000,
00000000,
00000000,
75000000,
0000AAFD,
00000000,
00000000,
00000000,
00000000,
00000000,
30000000,
0000AAFD,
00000000,
00000000,
00000000,
00000000,
00000000,
30000000,
0000AAFD,
00000000,
00000000,
00000000,
00000000,
00000000,
7B000000,
0000AAFD,
00000000,
00000000,
00000000,
00000000,
00000000,
A6000000,
000058FD,
00000000,
00000000,
00000000,
00000000,
00000000,
C00A0000,
00000CCB,
00000000,
00000000,
00000000,
00000000,
00000000,
FD720500,
000000BC,
00000000,
00000000,
00000000,
00000000,
00000000,
FDFD0C00,
00000051,
00000000,
00000000,
04000000,
06118236,
00000000,
92FDBD06,
00000002,
00000000,
00000000,
B1200000,
C2FDFDFD,
00077994,
25ECFD7F,
00000000,
00000000,
00000000,
FDB81800,
D2C966D7,
A6BAFDFD,
007FFBF6,
00000000,
00000000,
00000000,
CAFD2400,
0700000D,
FDFDEA5A,
0000F1FD,
00000000,
00000000,
00000000,
EFFD2400,
2F000A69,
FDFDEE9D,
1D84FBFD,
00000000,
00000000,
00000000,
FDAE1600,
EEDBDFFD,
36DFFDFD,
86FDFB58,
00000000,
00000000,
00000000,
32040000,
FDFDFDE8,
000C6CEA,
FAFD5300,
00000079,
00000000,
00000000,
00000000,
00000000,
00000000,
00000000,
00000000,
00000000,
00000000,
00000000,
00000000,
00000000,
00000000,
00000000,
00000000,
00000000,
00000000,
00000000,
00000000,
00000000,
00000000,
00000000,
00000000,
00000000,
00000000,
00000000,
00000000,
00000000,
00000000,
00000000,
00000000,
00000000,
00000000,
00000000,
00000000,
00000000,
00000000,
00000000,
00000000,
00000000,
00000000,
00000000,
00000000,
00000000,
00000000,
00000000,
00000000,
00000000,
00000000,
00000000,
00000000,
00000000,
00000000,
00000000,
00000000,
00000000,
00000000,
00000000,
00000000,
00000000,
00000000,
00000000,
00000000,
00000000,
00000000,
00000000,
00000000,
00000000,
00000000,
00000000,
00000000,
00000000,
00000000,
00000000,
F8D09A2D,
8AFFFEE6,
00000000,
00000000,
00000000,
00000000,
28000000,
FEFEFECD,
D5FEFEFE,
0000001F,
00000000,
00000000,
00000000,
D2110000,
FEFEFEFE,
FEFEFEEC,
0000007D,
00000000,
00000000,
00000000,
FE620000,
2898FEFE,
FEFE971A,
000000A8,
00000000,
00000000,
00000000,
FEA60000,
002CCAFE,
FEFECF0A,
000000CD,
00000000,
00000000,
00000000,
FC350000,
8853F2FE,
FEFEFEB4,
0000007D,
00000000,
00000000,
00000000,
BD000000,
FEFEFEFE,
FEFEFEFE,
0000003F,
00000000,
00000000,
00000000,
03000000,
FEFED138,
C9FEFEFE,
00000001,
00000000,
00000000,
00000000,
00000000,
FEE45800,
5CEEFEFE,
00000000,
00000000,
00000000,
00000000,
00000000,
FEF86700,
003DFEFE,
00000000,
00000000,
00000000,
00000000,
00000000,
FEFEF85B,
0002A6FD,
00000000,
00000000,
00000000,
00000000,
64000000,
AAFEFEE6,
00000071,
00000000,
00000000,
00000000,
00000000,
FD5F0000,
10E5FEFE,
00000000,
00000000,
00000000,
00000000,
00000000,
FEE35F00,
0085FEFE,
00000000,
00000000,
00000000,
00000000,
00000000,
FEFEE426,
0014CAFE,
00000000,
00000000,
00000000,
00000000,
00000000,
FEFEFEC1,
000015CA,
00000000,
00000000,
00000000,
00000000,
5B000000,
F2FEFEF6,
0000005A,
00000000,
00000000,
00000000,
00000000,
F2230000,
8DFEFEFE,
00000000,
00000000,
00000000,
00000000,
00000000,
D6000000,
17B9FEFE,
00000000,
00000000,
00000000,
00000000,
00000000,
B7000000,
0018F7FE,
00000000,
00000000,
00000000,
00000000,
00000000,
00000000,
00000000,
00000000,
00000000,
00000000,
00000000,
00000000,
00000000,
00000000,
00000000,
00000000,
00000000,
00000000,
00000000,
00000000,
00000000,
00000000,
00000000,
00000000,
00000000,
00000000,
00000000,
00000000,
00000000,
00000000,
00000000,
00000000,
00000000,
00000000,
00000000,
00000000,
00000000,
00000000,
00000000,
00000000,
00000000,
00000000,
00000000,
00000000,
00000000,
00000000,
00000000,
00000000,
00000000,
00000000,
00000000,
00000000,
00000000,
00000000,
00000000,
00000000,
69FFDB17,
00000000,
00000000,
00000000,
00000000,
00000000,
00000000,
9EFDFD2A,
00000000,
00000000,
00000000,
00000000,
00000000,
00000000,
9EFDFD43,
00000000,
00000000,
00000000,
00000000,
00000000,
00000000,
9EFDFDA0,
00000000,
00000000,
00000000,
00000000,
00000000,
00000000,
9EFDFDA0,
00000000,
00000000,
00000000,
00000000,
00000000,
00000000,
9EFDFDA0,
00000000,
00000000,
00000000,
00000000,
00000000,
00000000,
9EFDFDA0,
00000000,
00000000,
00000000,
00000000,
00000000,
00000000,
9EFDFDA0,
00000000,
00000000,
00000000,
00000000,
00000000,
00000000,
DAFDFD56,
0000000F,
00000000,
00000000,
00000000,
00000000,
00000000,
FDFDFD2A,
00000017,
00000000,
00000000,
00000000,
00000000,
00000000,
FDFDFD2A,
00000017,
00000000,
00000000,
00000000,
00000000,
00000000,
FDFDFD2A,
00000017,
00000000,
00000000,
00000000,
00000000,
00000000,
FDFDFD2A,
00000017,
00000000,
00000000,
00000000,
00000000,
00000000,
CDFDFD2A,
0000000B,
00000000,
00000000,
00000000,
00000000,
00000000,
9EFDFD2A,
00000000,
00000000,
00000000,
00000000,
00000000,
00000000,
9EFDFD40,
00000000,
00000000,
00000000,
00000000,
00000000,
0C000000,
4AFDFDCB,
00000000,
00000000,
00000000,
00000000,
00000000,
00000000,
09C0FDA0,
00000000,
00000000,
00000000,
00000000,
00000000,
15000000,
00B0FDF1,
00000000,
00000000,
00000000,
00000000,
00000000,
02000000,
0095AA6F,
00000000,
00000000,
00000000,
00000000,
00000000,
00000000,
00000000,
00000000,
00000000,
00000000,
00000000,
00000000,
00000000,
00000000,
00000000,
00000000,
00000000,
00000000,
00000000,
00000000,
00000000,
00000000,
00000000,
00000000,
00000000,
00000000,
00000000,
00000000,
00000000,
00000000,
00000000,
00000000,
00000000,
00000000,
00000000,
00000000,
00000000,
00000000,
00000000,
00000000,
00000000,
00000000,
00000000,
00000000,
00000000,
00000000,
00000000,
00000000,
00000000,
00000000,
00000000,
00000000,
00000000,
00000000,
00000000,
00000000,
00000000,
00000000,
00000000,
00000000,
00000000,
00000000,
00000000,
00000000,
00000000,
00000000,
00000000,
00000000,
00000000,
00000000,
00000000,
00000000,
00000000,
00000000,
00000000,
00000000,
00000000,
D6E22600,
00000013,
00000000,
00000000,
1319190E,
0B000000,
19190D19,
F5FDDF30,
00000020,
00000000,
00000000,
E6FDFD91,
C79D8741,
FDFDD1FD,
97FDFDFD,
00000000,
00000000,
00000000,
CDDDD476,
FDFDE6DB,
FDFDFEFD,
10B5FDFD,
00000000,
00000000,
00000000,
00180B00,
48482615,
B8484848,
002EEFFD,
00000000,
00000000,
00000000,
00000000,
00000000,
B9070000,
000065FD,
00000000,
00000000,
00000000,
00000000,
00000000,
FD7C0000,
000048FD,
00000000,
00000000,
00000000,
00000000,
00000000,
FD910000,
00002DEB,
00000000,
00000000,
00000000,
00000000,
6E5F0000,
FDC06E6E,
6E6E8FF9,
00003FA7,
00000000,
00000000,
00000000,
FDFC5200,
FDFDFEFD,
FDFDFDFD,
000057FD,
00000000,
00000000,
00000000,
E7690000,
FEFEF4F2,
5195B8F6,
00000000,
00000000,
00000000,
00000000,
00000000,
FAFD0D00,
0000004C,
00000000,
00000000,
00000000,
00000000,
00000000,
D9FD0D00,
00000000,
00000000,
00000000,
00000000,
00000000,
00000000,
D9FD5E00,
00000000,
00000000,
00000000,
00000000,
00000000,
00000000,
D9FD8500,
00000000,
00000000,
00000000,
00000000,
00000000,
00000000,
B6FDE200,
00000000,
00000000,
00000000,
00000000,
00000000,
00000000,
60FDFE00,
00000000,
00000000,
00000000,
00000000,
00000000,
00000000,
60FDFE00,
00000000,
00000000,
00000000,
00000000,
00000000,
00000000,
60FDFE00,
00000000,
00000000,
00000000,
00000000,
00000000,
00000000,
33F25100,
00000000,
00000000,
00000000,
00000000,
00000000,
00000000,
00000000,
00000000,
00000000,
00000000,
00000000,
00000000,
00000000,
00000000,
00000000,
00000000,
00000000,
00000000,
00000000,
00000000,
00000000,
00000000,
00000000,
00000000,
00000000,
00000000,
00000000,
00000000,
00000000,
00000000,
00000000,
00000000,
00000000,
00000000,
00000000,
00000000,
00000000,
00000000,
00000000,
00000000,
00000000,
FEE6AF36,
00000084,
00000000,
00000000,
00000000,
00000000,
42000000,
FEF5D1EC,
00003BF2,
00000000,
00000000,
00000000,
00000000,
EC290000,
932135CE,
000096FE,
00000000,
00000000,
00000000,
00000000,
DAB50000,
20000008,
000071F2,
00000000,
00000000,
00000000,
00000000,
69480000,
20000002,
00004BEC,
00000000,
00000000,
00000000,
00000000,
00000000,
A0100000,
000050DE,
00000000,
00000000,
00000000,
00000000,
00000000,
FED70A00,
00000097,
00000000,
00000000,
00000000,
00000000,
00000000,
ADFED93E,
00000018,
00000000,
00000000,
00000000,
00000000,
8F080000,
2CF5FEFA,
00000000,
00000000,
00000000,
00000000,
00000000,
FE830000,
C0FEFEFE,
00000000,
00000000,
00000000,
00000000,
00000000,
E02D0000,
97E5A4EF,
00017EAF,
00000000,
00000000,
00000000,
00000000,
00000000,
1C000000,
2DAAFEE4,
00000000,
00000000,
00000000,
00000000,
00000000,
00000000,
86FE9409,
00000000,
00000000,
00000000,
00000000,
00000000,
00000000,
B3DC0800,
00000000,
00000000,
00000000,
00000000,
00000000,
00000000,
EFB80000,
00000000,
00000000,
00000000,
00000000,
00000000,
00000000,
9AFE4000,
00000000,
00000000,
00000000,
00000000,
00000A23,
04000000,
14FECF57,
00000000,
00000000,
00000000,
0C000000,
000078A2,
94030000,
00AEFEFE,
00000000,
00000000,
00000000,
1C000000,
0C24D0F5,
FEE15918,
0011C6FE,
00000000,
00000000,
00000000,
00000000,
F1F7FFBD,
EAFFFEF4,
00000750,
00000000,
00000000,
00000000,
00000000,
00000000,
00000000,
00000000,
00000000,
00000000,
00000000,
00000000,
00000000,
00000000,
00000000,
00000000,
00000000,
00000000,
00000000,
00000000,
00000000,
00000000,
00000000,
00000000,
00000000,
00000000,
00000000,
00000000,
00000000,
00000000,
00000000,
00000000,
00000000,
00000000,
00000000,
00000000,
00000000,
00000000,
00000000,
00000000,
00000000,
00000000,
00000000,
00000000,
00000000,
00000000,
00000000,
00000000,
00000000,
00000000,
00000000,
00000000,
00000000,
00000000,
00000000,
00000000,
00000000,
00000000,
00000000,
00000000,
00000000,
00000000,
00000000,
00000000,
00000000,
00000000,
00000000,
00000000,
00000000,
00000000,
00000000,
00000000,
00000000,
00000000,
00000000,
00000000,
00000000,
00000000,
00000000,
00000000,
00000000,
00000000,
80250400,
3A8C8C8C,
00000010,
00000000,
00000000,
00000000,
2F000000,
FDFDC276,
FDFDFDFD,
000050D7,
00000000,
00000000,
00000000,
C6660000,
219BE5FD,
7C2A1414,
00A2F7FB,
00000000,
00000000,
00000000,
F3EC3F00,
00000669,
00000000,
33F4FD69,
00000000,
00000000,
00000000,
7EFDF200,
00000000,
00000000,
48FDC705,
00000000,
00000000,
00000000,
72FDFF00,
00000000,
00000000,
48FDC000,
00000000,
00000000,
00000000,
13406700,
00000000,
00000000,
0CE3F423,
00000000,
00000000,
00000000,
00000000,
00000000,
00000000,
0089FD7F,
00000000,
00000000,
00000000,
00000000,
00000000,
78000000,
00038EFD,
00000000,
00000000,
00000000,
00000000,
00000000,
FD450000,
00001BD5,
00000000,
00000000,
00000000,
00000000,
00000000,
B7E67800,
0000001C,
00000000,
00000000,
00000000,
00000000,
16000000,
03B4FAA0,
00000000,
00000000,
00000000,
00000000,
00000000,
C2000000,
104FCFFD,
00000020,
12000000,
0000002F,
00000000,
00000000,
FA9A0D00,
E9FDFDFD,
E4E4DFEB,
EA81C9E4,
000000F3,
00000000,
00000000,
82FD4500,
53535353,
9A8F8D45,
E58FD65B,
000000FD,
00000000,
00000000,
13240400,
00000000,
00000000,
17000F00,
00000024,
00000000,
00000000,
00000000,
00000000,
00000000,
00000000,
00000000,
00000000,
00000000,
00000000,
00000000,
00000000,
00000000,
00000000,
00000000,
00000000,
00000000,
00000000,
00000000,
00000000,
00000000,
00000000,
00000000,
00000000,
00000000,
00000000,
00000000,
00000000,
00000000,
00000000,
00000000,
00000000,
00000000,
00000000,
00000000,
00000000,
00000000,
00000000,
00000000,
00000000,
00000000,
00000000,
00000000,
00000000,
00000000,
00000000,
00000000,
00000000,
00000000,
00000000,
00000000,
00000000,
00000000,
00000000,
00000000,
00000000,
00000000,
00000000,
00000000,
00000000,
00000000,
00000000,
00000000,
00000000,
00000000,
00000000,
00000000,
00000000,
00000000,
00000000,
00000000,
00000000,
00000000,
00000000,
00000000,
00000000,
00000000,
00000000,
00000000,
00000000,
46000000,
027EFFCA,
00000000,
00000000,
00000000,
00000000,
00000000,
EF480000,
0AFDFDFD,
00000000,
00000000,
00000000,
00000000,
00000000,
FDF21100,
0DFDA6C1,
00000000,
00000000,
00000000,
00000000,
00000000,
B4FDCA34,
77FD3C07,
00000000,
00000000,
00000000,
00000000,
48000000,
0E67F8D3,
99FD3C00,
00000000,
00000000,
00000000,
00000000,
F4420000,
090086FA,
AFFDE97B,
00000000,
00000000,
00000000,
00000000,
FDE81000,
E99D3492,
34FDFDFD,
00000000,
00000000,
00000000,
00000000,
FDF53600,
FDFDF9D0,
07DCFDFD,
00000000,
00000000,
00000000,
00000000,
FDDC0000,
FDFDF0FD,
000DBAFC,
00000000,
00000000,
00000000,
00000000,
5C2B0000,
FDFD2F5C,
0000008B,
00000000,
00000000,
00000000,
00000000,
00000000,
8DFDA400,
00000004,
00000000,
00000000,
00000000,
00000000,
00000000,
36FDFC52,
00000000,
00000000,
00000000,
00000000,
00000000,
00000000,
12D9FD9E,
00000000,
00000000,
00000000,
00000000,
00000000,
28000000,
004DF7F2,
00000000,
00000000,
00000000,
00000000,
00000000,
99000000,
0000E2FD,
00000000,
00000000,
00000000,
00000000,
00000000,
DF080000,
000066FD,
00000000,
00000000,
00000000,
00000000,
00000000,
FD0B0000,
000015FD,
00000000,
00000000,
00000000,
00000000,
00000000,
FD760000,
36763AFD,
00000000,
00000000,
00000000,
00000000,
00000000,
FD2B0000,
27EEFDFD,
00000000,
00000000,
00000000,
00000000,
00000000,
AB020000,
0044C8FD,
00000000,
00000000,
00000000,
00000000,
00000000,
00000000,
00000000,
00000000,
00000000,
00000000,
00000000,
00000000,
00000000,
00000000,
00000000,
00000000,
00000000,
00000000,
00000000,
00000000,
00000000,
00000000,
00000000,
00000000,
00000000,
00000000,
00000000,
00000000,
00000000,
00000000,
00000000,
00000000,
00000000,
00000000,
00000000,
00000000,
00000000,
00000000,
00000000,
00000000,
00000000,
00000000,
00000000,
00000000,
00000000,
00000000,
00000000,
00000000,
00000000,
00000000,
00000000,
00000000,
00000000,
00000000,
00000000,
00000000,
00000000,
00000000,
00000000,
00000000,
00000000,
00000000,
00000000,
00000000,
00000000,
00000000,
00000000,
00000000,
00000000,
CF762000,
FFFEFEFE,
00008AFE,
00000000,
00000000,
4A000000,
EAEAEA74,
FDFDEFEA,
FDFDFDFD,
0025E4FD,
00000000,
00000000,
F4BF1D00,
FDFDFDFD,
FDFDFDFD,
FDFDFDFD,
0060FDFD,
00000000,
00000000,
FDFD6100,
FDFDFDFD,
FDFDFDFD,
FDFDFDFD,
0017DEFD,
00000000,
00000000,
FDF85400,
FDFDFDFD,
DBDBF4FD,
FDFDFD91,
0000D4FD,
00000000,
00000000,
83560000,
676767DD,
00004B67,
FDFDFD0F,
0000D4FD,
00000000,
00000000,
00000000,
00000000,
56000000,
FDFDFDC8,
00008DFD,
00000000,
00000000,
00000000,
00000000,
CB150000,
FDFDFDFD,
00000285,
00000000,
00000000,
00000000,
00000000,
FDC31900,
FDFDFDFD,
00000036,
00000000,
00000000,
00000000,
00000000,
FDFDC219,
8BE1FDFD,
0000000A,
00000000,
00000000,
00000000,
00000000,
FDFDFDBE,
002FE6FD,
00000000,
00000000,
00000000,
00000000,
57000000,
FDFDFDF4,
00002EF9,
00000000,
00000000,
00000000,
00000000,
FB900800,
F9FDFDFD,
000000A5,
00000000,
00000000,
00000000,
00000000,
FDFD5200,
59FDFDFD,
00000000,
00000000,
00000000,
00000000,
00000000,
FDFDF859,
0597FDFD,
00000000,
00000000,
00000000,
00000000,
5D000000,
FDFDFDF3,
0009C1FD,
00000000,
00000000,
00000000,
00000000,
C0000000,
FDFDFDFD,
000041E7,
00000000,
00000000,
00000000,
00000000,
57000000,
FDFDFDF0,
00001AD4,
00000000,
00000000,
00000000,
00000000,
00000000,
FDFDFDA1,
0000004E,
00000000,
00000000,
00000000,
00000000,
00000000,
77FD7C10,
0000000C,
00000000,
00000000,
00000000,
00000000,
00000000,
00000000,
00000000,
00000000,
00000000,
00000000,
00000000,
00000000,
00000000,
00000000,
00000000,
00000000,
00000000,
00000000,
00000000,
00000000,
00000000,
00000000,
00000000,
00000000,
00000000,
00000000,
00000000,
00000000,
00000000,
00000000,
00000000,
00000000,
00000000,
00000000,
00000000,
00000000,
00000000,
00000000,
00000000,
00000000,
00000000,
00000000,
00000000,
00000000,
00000000,
00000000,
00000000,
00000000,
00000000,
00000000,
00000000,
00000000,
00000000,
00000000,
00000000,
00000000,
00000000,
00000000,
00000000,
00000000,
00000000,
33AE7B00,
4E08000E,
000031EC,
00000000,
00000000,
00000000,
00000000,
FCFCFD00,
FCC9BED3,
0000A3FC,
00000000,
00000000,
00000000,
00000000,
FCFCFD00,
FCFDFCFC,
0026F7FC,
00000000,
00000000,
00000000,
00000000,
62FCFD47,
FCFDD79A,
002AFCFC,
00000000,
00000000,
00000000,
00000000,
15FCFD6A,
2A2A1200,
002AFCEC,
00000000,
00000000,
00000000,
00000000,
15FDFF6B,
00000000,
003CFDE9,
00000000,
00000000,
00000000,
00000000,
15FCFD6A,
00000000,
0093FCE8,
00000000,
00000000,
00000000,
00000000,
15FCFD6A,
00000000,
0093FCE8,
00000000,
00000000,
00000000,
00000000,
15FCE350,
00000000,
0093FCE8,
00000000,
00000000,
00000000,
00000000,
0C932A00,
00000000,
0093FCE8,
00000000,
00000000,
00000000,
00000000,
00000000,
00000000,
0093FDE9,
00000000,
00000000,
00000000,
00000000,
00000000,
00000000,
0093FCE8,
00000000,
00000000,
00000000,
00000000,
00000000,
00000000,
0093FCE8,
00000000,
00000000,
00000000,
00000000,
00000000,
00000000,
0093FCE8,
00000000,
00000000,
00000000,
00000000,
00000000,
00000000,
0093FCE8,
00000000,
00000000,
00000000,
00000000,
00000000,
00000000,
00D1FDE9,
00000000,
00000000,
00000000,
00000000,
00000000,
00000000,
00FCFCE8,
00000000,
00000000,
00000000,
00000000,
00000000,
00000000,
00FCFCE8,
00000000,
00000000,
00000000,
00000000,
00000000,
00000000,
00FCFCE8,
00000000,
00000000,
00000000,
00000000,
00000000,
00000000,
00A4D92F,
00000000,
00000000,
00000000,
00000000,
00000000,
00000000,
00000000,
00000000,
00000000,
00000000,
00000000,
00000000,
00000000,
00000000,
00000000,
00000000,
00000000,
00000000,
00000000,
00000000,
00000000,
00000000,
00000000,
00000000,
00000000,
00000000,
00000000,
00000000,
00000000,
00000000,
00000000,
00000000,
00000000,
4F000000,
00038CA8,
00000000,
00000000,
00000000,
00000000,
00000000,
F3C65200,
000FFEFE,
00000000,
00000000,
00000000,
00000000,
03000000,
FEFEFD58,
000FFEFE,
00000000,
00000000,
00000000,
00000000,
32000000,
FEFEFEFE,
000486CF,
00000000,
00000000,
00000000,
00000000,
B0080000,
69EEFEFE,
00000009,
00000000,
00000000,
00000000,
00000000,
FF910000,
001EFBFE,
00000000,
00000000,
00000000,
00000000,
00000000,
FED61300,
00002FE1,
00000000,
00000000,
00000000,
00000000,
00000000,
FBFEC700,
00000067,
00000000,
00000000,
00000000,
00000000,
00000000,
97FFEB00,
00000000,
00000000,
00000000,
00000000,
00000000,
00000000,
86FEEB00,
00000000,
00000000,
00000000,
00000000,
00000000,
00000000,
28E2FB43,
00000000,
ABC56411,
0000000A,
00000000,
00000000,
00000000,
00B5FB46,
4B000000,
FEFEFEF9,
00000067,
00000000,
00000000,
00000000,
00B5EB00,
DD130000,
FEFEFEFE,
000000EA,
00000000,
00000000,
00000000,
00B5EB00,
FE6C0000,
D8A7F4FE,
000000EA,
00000000,
00000000,
00000000,
0ACCEB00,
FEBA0200,
CD0A49F2,
000000EA,
00000000,
00000000,
00000000,
86FFE200,
FEFE0608,
FE5C0077,
000000AE,
00000000,
00000000,
00000000,
FEFE6700,
FEFE48AF,
FEFA6993,
0000001A,
00000000,
00000000,
00000000,
FDB50400,
FEFEFEFE,
B7FEFEFE,
00000004,
00000000,
00000000,
00000000,
86000000,
FEFEFEFE,
1BB8EAFE,
00000000,
00000000,
00000000,
00000000,
03000000,
96E9EE48,
00001E85,
00000000,
00000000,
00000000,
00000000,
00000000,
00000000,
00000000,
00000000,
00000000,
00000000,
00000000,
00000000,
00000000,
00000000,
00000000,
00000000,
00000000,
00000000,
00000000,
00000000,
00000000,
00000000,
00000000,
00000000,
00000000,
00000000,
00000000,
00000000,
00000000,
00000000,
00000000,
00000000,
00000000,
00000000,
00000000,
00000000,
00000000,
00000000,
00000000,
00000000,
00000000,
00000000,
00000000,
00000000,
00000000,
00000000,
00000000,
00000000,
00000000,
00000000,
00000000,
00000000,
00000000,
00000000,
00000000,
00000000,
00000000,
00000000,
00000000,
00000000,
00000000,
37121202,
0883C089,
00000000,
00000000,
00000000,
00000000,
5F100000,
FEFEFEA4,
B2FEFEFE,
00000000,
00000000,
00000000,
00000000,
FECF9729,
FEFEFEFE,
E1FEFEFE,
00000000,
00000000,
00000000,
00000000,
FEFEFEBE,
419BD1FE,
F7FE9441,
00000042,
00000000,
00000000,
00000000,
A6FEEE45,
0000122F,
FEFE7200,
00000059,
00000000,
00000000,
00000000,
021D1800,
00000000,
FEFE7200,
00000059,
00000000,
00000000,
00000000,
00000000,
00000000,
FEFA0800,
00000059,
00000000,
00000000,
00000000,
00000000,
00000000,
FEFE7200,
00000059,
00000000,
00000000,
00000000,
00000000,
00000000,
FAFEBC00,
0000004A,
00000000,
00000000,
00000000,
00000000,
00000000,
E1FEF843,
00000000,
00000000,
00000000,
00000000,
00000000,
00000000,
66FBFEBB,
00000000,
00000000,
00000000,
00000000,
00000000,
1D000000,
00F3FEE5,
00000000,
00000000,
00000000,
00000000,
00000000,
D31B0000,
00F3FEFE,
00000000,
00000000,
00000000,
03000000,
FAFAE42E,
FEFBFAFA,
0041FEFE,
00000000,
00000000,
00000000,
44000000,
FEFEFEFE,
FEFFFEFE,
1B91FEFE,
00000000,
00000000,
00000000,
E22E0000,
FEFEFEFE,
FEFEFEFE,
F4FEFEFE,
00000050,
00000000,
00000000,
FE9A0000,
FEFEFEFE,
62EFFEFE,
FEFEDAAA,
000E9AF1,
00000000,
00000000,
FE9A0000,
FEFEFEFE,
0029B6FE,
DC721800,
0CAEFEFE,
00000000,
00000000,
FE9A0000,
FCFEFEFE,
00000D57,
15000000,
52FEB339,
00000000,
00000000,
D81B0000,
1695FEFE,
00000000,
00000000,
52872300,
00000000,
00000000,
00000000,
00000000,
00000000,
00000000,
00000000,
00000000,
00000000,
00000000,
00000000,
00000000,
00000000,
00000000,
00000000,
00000000,
00000000,
00000000,
00000000,
00000000,
00000000,
00000000,
00000000,
00000000,
00000000,
00000000,
00000000,
00000000,
00000000,
00000000,
00000000,
00000000,
00000000,
00000000,
00000000,
00000000,
00000000,
00000000,
00000000,
00000000,
00000000,
00000000,
00000000,
00000000,
00000000,
00000000,
00000000,
00000000,
00000000,
00000000,
00000000,
00000000,
00000000,
00000000,
00000000,
00000000,
00000000,
00000000,
00000000,
00000000,
00000000,
00000000,
00000000,
00000000,
00000000,
00000000,
00000000,
00000000,
00000000,
00000000,
00000000,
00000000,
00000000,
00000000,
00000000,
00000000,
00000000,
00000000,
00000000,
00000000,
00000000,
00000000,
00000000,
00000000,
00000000,
00000000,
00000000,
2740BC5B,
0011001E,
00000011,
00000000,
00000000,
00000000,
00000000,
FEFEFEC4,
B9D7B9F0,
1FB9B9D7,
00000000,
00000000,
00000000,
00000000,
F0D5FE78,
F9F9B4E2,
89FEFEF9,
00000000,
00000000,
00000000,
00000000,
003BFEB9,
00000000,
97FEF500,
00000000,
00000000,
00000000,
3E000000,
000FB7F8,
00000000,
46FEFC4A,
00000000,
00000000,
00000000,
D1150000,
000034F9,
00000000,
2BFEFE63,
00000000,
00000000,
00000000,
FE5B0000,
000000B0,
00000000,
23F2FE78,
00000000,
00000000,
00000000,
5E0B0000,
0000002B,
00000000,
00BDFECF,
00000000,
00000000,
00000000,
00000000,
00000000,
00000000,
00B6FECF,
00000000,
00000000,
00000000,
00000000,
00000000,
00000000,
0051FECF,
00000000,
00000000,
00000000,
00000000,
00000000,
00000000,
0051FECF,
00000000,
00000000,
00000000,
00000000,
00000000,
00000000,
0051FECF,
00000000,
00000000,
00000000,
00000000,
00000000,
0F000000,
003EF8DA,
00000000,
00000000,
00000000,
00000000,
00000000,
3C000000,
0000E3FE,
00000000,
00000000,
00000000,
00000000,
00000000,
A4000000,
0000E3FE,
00000000,
00000000,
00000000,
00000000,
00000000,
A8000000,
0000E3FE,
00000000,
00000000,
00000000,
00000000,
00000000,
A8000000,
0000E3FE,
00000000,
00000000,
00000000,
00000000,
00000000,
D80D0000,
0000A7FE,
00000000,
00000000,
00000000,
00000000,
00000000,
FE160000,
000077FE,
00000000,
00000000,
00000000,
00000000,
00000000,
B5040000,
000016D5,
00000000,
00000000,
00000000,
00000000,
00000000,
00000000,
00000000,
00000000,
00000000,
00000000,
00000000,
00000000,
00000000,
00000000,
00000000,
00000000,
00000000,
00000000,
00000000,
00000000,
00000000,
00000000,
00000000,
00000000,
00000000,
00000000,
00000000,
00000000,
00000000,
00000000,
00000000,
00000000,
00000000,
00000000,
00000000,
00000000,
00000000,
00000000,
00000000,
00000000,
00000000,
00000000,
00000000,
00000000,
00000000,
00000000,
00000000,
00000000,
62004B06,
135EB2B9,
00000000,
00000000,
00000000,
00000000,
C36F0F00,
D0005EEE,
74FEFEF9,
00000000,
00000000,
00000000,
32140000,
B7F6C56B,
51000019,
5BF9FEF5,
00000000,
00000000,
00000000,
FEE65412,
0056DDFE,
FD7D0100,
0035B2FE,
00000000,
00000000,
00000000,
D9FEFE85,
00000476,
F1FECA3E,
00000883,
00000000,
00000000,
6B000000,
2DD5FEF4,
3E000000,
1DDCFEF0,
00000000,
00000000,
00000000,
F62C0000,
0031D1FE,
F11F0000,
001BDDFE,
00000000,
00000000,
00000000,
FE5F0000,
000037FE,
FEC61100,
00001CDA,
00000000,
00000000,
00000000,
DB1B0000,
2790E9FE,
CDFECC2A,
0000000A,
00000000,
00000000,
00000000,
73000000,
F4FEFEF8,
18DFFEE9,
00000000,
00000000,
00000000,
00000000,
00000000,
F5A85426,
CFFEFEFE,
00000973,
00000000,
00000000,
00000000,
00000000,
EC0E0000,
EDA3E6FE,
0150D3F4,
00000000,
00000000,
00000000,
00000000,
FE630000,
000063FE,
82FEE125,
00000008,
00000000,
00000000,
00000000,
FE470000,
00000CE5,
FEAA0200,
00000033,
00000000,
00000000,
00000000,
FE600000,
000012FE,
FE510000,
000000C6,
00000000,
00000000,
00000000,
FE500000,
000012FE,
FE830000,
00000077,
00000000,
00000000,
00000000,
D6050000,
00004EFE,
F4B70100,
0000003F,
00000000,
00000000,
00000000,
40000000,
0018DFFD,
B2FE7E02,
00000000,
00000000,
00000000,
00000000,
00000000,
77DEEE57,
1BD9FEB1,
00000000,
00000000,
00000000,
00000000,
00000000,
C49A1200,
001965C4,
00000000,
00000000,
00000000,
00000000,
00000000,
00000000,
00000000,
00000000,
00000000,
00000000,
00000000,
00000000,
00000000,
00000000,
00000000,
00000000,
00000000,
00000000,
00000000,
00000000,
00000000,
00000000,
00000000,
00000000,
00000000,
00000000,
00000000,
00000000,
00000000,
00000000,
00000000,
00000000,
00000000,
00000000,
00000000,
00000000,
00000000,
00000000,
00000000,
00000000,
00000000,
00000000,
00000000,
00000000,
00000000,
00000000,
00000000,
00000000,
00000000,
00000000,
00000000,
00000000,
00000000,
00000000,
00000000,
00000000,
00000000,
00000000,
00000000,
03000000,
0000000A,
00000000,
FE430000,
000019D6,
00000000,
00000000,
3D000000,
000023E3,
00000000,
FDBC0500,
0003A5FD,
00000000,
00000000,
B6060000,
001EB4FD,
00000000,
FDFD3100,
0018FDFD,
00000000,
00000000,
FD250000,
0080FDFD,
00000000,
FDFD4800,
0008BCFD,
00000000,
00000000,
FD250000,
00A8FDFD,
00000000,
FDFDA900,
00003EE9,
00000000,
00000000,
FD480000,
00A8FDFD,
00000000,
FDFDC20B,
000000A8,
00000000,
00000000,
FD9D0000,
00A8FDFD,
88332900,
FDFDFDA7,
000000A8,
00000000,
00000000,
FD9D0000,
8FC9FDFD,
FDEEEBA0,
FDFDFDFD,
0000007B,
00000000,
00000000,
FD9D0000,
FDFDFDFD,
FDFEFDFD,
BBFDFDFD,
00000005,
00000000,
00000000,
FD9D0000,
FDFDFDFD,
FDFEFDFD,
B4FDFDFD,
00000000,
00000000,
00000000,
FEFA1800,
FEFEFEFE,
F9F9FEFE,
76FEFFFE,
00000000,
00000000,
00000000,
EA550000,
FDFDFDFD,
9134ABE7,
48FDFDFD,
00000414,
00000000,
00000000,
13000000,
60B0D9B7,
47000009,
E2FDFDFD,
00001FDF,
00000000,
00000000,
00000000,
00000000,
19000000,
FDFDFDFD,
00000091,
00000000,
00000000,
00000000,
00000000,
70000000,
ACFDFDFD,
0000000E,
00000000,
00000000,
00000000,
00000000,
E40A0000,
2BECFDFD,
00000000,
00000000,
00000000,
00000000,
00000000,
FD350000,
0098FDFD,
00000000,
00000000,
00000000,
00000000,
00000000,
FD580000,
000AD3FD,
00000000,
00000000,
00000000,
00000000,
00000000,
FD0D0000,
0000CDFD,
00000000,
00000000,
00000000,
00000000,
00000000,
CA070000,
000093FD,
00000000,
00000000,
00000000,
00000000,
00000000,
00000000,
00000000,
00000000,
00000000,
00000000,
00000000,
00000000,
00000000,
00000000,
00000000,
00000000,
00000000,
00000000,
00000000,
00000000,
00000000,
00000000,
00000000,
00000000,
00000000,
00000000,
00000000,
00000000,
00000000,
00000000,
00000000,
00000000,
00000000,
00000000,
00000000,
00000000,
00000000,
00000000,
00000000,
00000000,
00000000,
00000000,
00000000,
00000000,
00000000,
00000000,
00000000,
00000000,
00000000,
00000000,
00000000,
00000000,
00000000,
00000000,
00000000,
00000000,
00000000,
00000000,
00000000,
00000000,
00000000,
00000000,
00000000,
00000000,
00000000,
00000000,
00000000,
00000000,
00000000,
00000000,
00000000,
00000000,
00000000,
25000000,
FF98AA7D,
6565C2AE,
0F65440C,
00000000,
00000000,
00000000,
5D000000,
FDFDFDFD,
FDFDFDFD,
AAFDECCE,
00000011,
00000000,
00000000,
5D000000,
FDFDFDFD,
FDFDFDFD,
FDFDFDFD,
0000005C,
00000000,
00000000,
03000000,
ACA5D31E,
FDFDC4FD,
FDFDFDFD,
0000005C,
00000000,
00000000,
00000000,
08042200,
9A3D183D,
CEFDFDFD,
00000016,
00000000,
00000000,
00000000,
00000000,
7C000000,
BFFDFDFD,
00000000,
00000000,
00000000,
00000000,
00000000,
F6160000,
22D6FDFD,
00000000,
00000000,
00000000,
00000000,
00000000,
FD880000,
0089FDFD,
00000000,
00000000,
00000000,
00000000,
00000000,
FDD82900,
0043F5FD,
00000000,
00000000,
00000000,
00000000,
00000000,
FDFDDA00,
000061FD,
00000000,
00000000,
00000000,
00000000,
03000000,
FDFDF668,
000019CC,
00000000,
00000000,
00000000,
00000000,
6B000000,
FDFDFDFD,
0000006D,
00000000,
00000000,
00000000,
00000000,
B9000000,
6DF7FDFD,
00000004,
00000000,
00000000,
00000000,
00000000,
B9000000,
00E6FDFD,
00000000,
00000000,
00000000,
00000000,
00000000,
B9000000,
00E6FDFD,
00000000,
00000000,
00000000,
00000000,
00000000,
F3490000,
00C0FDFD,
00000000,
00000000,
00000000,
00000000,
00000000,
FD5A0000,
004AFBFD,
00000000,
00000000,
00000000,
00000000,
00000000,
FDAD0000,
0000B0FD,
00000000,
00000000,
00000000,
00000000,
00000000,
EE430000,
000031FD,
00000000,
00000000,
00000000,
00000000,
00000000,
B9000000,
000016FD,
00000000,
00000000,
00000000,
00000000,
00000000,
00000000,
00000000,
00000000,
00000000,
00000000,
00000000,
00000000,
00000000,
00000000,
00000000,
00000000,
00000000,
00000000,
00000000,
00000000,
00000000,
00000000,
00000000,
00000000,
00000000,
00000000,
00000000,
00000000,
00000000,
00000000,
00000000,
00000000,
00000000,
00000000,
00000000,
00000000,
00000000,
00000000,
00000000,
00000000,
00000000,
00000000,
00000000,
00000000,
00000000,
00000000,
9C440000,
FDFFFDFD,
12A5FDFD,
00000000,
00000000,
00000000,
00000000,
FCED7000,
FCFDFCFC,
6AFCFCFC,
00000000,
00000000,
00000000,
00000000,
E7E78700,
151526A0,
6AFCFC28,
00000000,
00000000,
00000000,
00000000,
00000000,
00000000,
6AFCFC30,
00000000,
00000000,
00000000,
00000000,
00000000,
24000000,
12D0FCDF,
00000000,
00000000,
00000000,
00000000,
00000000,
9D190000,
0023F3FD,
00000000,
00000000,
00000000,
00000000,
00000000,
FCB72400,
2466EDFC,
00000000,
00000000,
00000000,
00000000,
14000000,
FCFDDF7F,
F2FCFCFC,
00001399,
00000000,
00000000,
00000000,
99000000,
99D8FCFC,
FDD79A54,
0015CAFC,
2B000000,
0000000B,
00000000,
64000000,
0012A4FC,
7A120000,
23E1FCFC,
8D6B0000,
00000007,
00000000,
00000000,
00000000,
00000000,
7AFDE024,
23DFE369,
00000000,
00000000,
00000000,
00000000,
00000000,
FCFC5C00,
0020BDFD,
00000000,
00000000,
00000000,
00000000,
00000000,
FCFC5508,
00000EA1,
00000000,
00000000,
00000000,
00000000,
37000000,
FCFCFCC5,
0000006A,
00000000,
00000000,
00000000,
00000000,
EC590000,
FCFCFCFC,
00000012,
00000000,
00000000,
00000000,
00000000,
D4EC4504,
BFFDF54C,
00000000,
00000000,
00000000,
00000000,
00000000,
29D9FC65,
44FCFCB9,
00000000,
00000000,
00000000,
00000000,
2B000000,
C070FCEA,
0486FBFC,
00000000,
00000000,
00000000,
00000000,
55000000,
FDFCFCFC,
000086FC,
00000000,
00000000,
00000000,
00000000,
55000000,
BFFCFCFC,
00000470,
00000000,
00000000,
00000000,
00000000,
00000000,
00000000,
00000000,
00000000,
00000000,
00000000,
00000000,
00000000,
00000000,
00000000,
00000000,
00000000,
00000000,
00000000,
00000000,
00000000,
00000000,
00000000,
00000000,
00000000,
00000000,
00000000,
00000000,
00000000,
00000000,
00000000,
00000000,
00000000,
00000000,
00000000,
00000000,
00000000,
00000000,
00000000,
00000000,
2D000000,
015DFEAE,
00000000,
00000000,
00000000,
00000000,
00000000,
C7060000,
0BFDFDFD,
00000000,
00000000,
00000000,
00000000,
00000000,
FD4F0000,
0ACE60C8,
00000000,
00000000,
00000000,
00000000,
00000000,
FDE62100,
000000A8,
00000000,
00000000,
00000000,
00000000,
00000000,
ECFD4E00,
00000047,
00000000,
00000000,
00000000,
00000000,
00000000,
92FDA900,
00000000,
00000000,
00000000,
00000000,
00000000,
00000000,
3CFDEE1E,
00000000,
00000000,
00000000,
00000000,
00000000,
00000000,
3CFDFD25,
00000000,
00000000,
00000000,
00000000,
00000000,
00000000,
3CFDFD92,
00000000,
00000000,
00000000,
00000000,
00000000,
00000000,
3CFDFD9D,
00000000,
CA4C0000,
00001D9B,
00000000,
00000000,
00000000,
3CFEFE9E,
00000000,
FED15201,
001FDCFE,
00000000,
00000000,
00000000,
3CFDFD9D,
00000000,
FDFDFD52,
15D9FDFD,
00000000,
00000000,
00000000,
3CFDFD8C,
12000000,
88E7FDD1,
6FFDD860,
00000000,
00000000,
00000000,
3CFDFD25,
90000000,
0020D6FE,
9CFDC200,
00000000,
00000000,
00000000,
59FDE91C,
FAA50000,
00001FF6,
80FDC200,
00000000,
00000000,
00000000,
ECFD8700,
FDED1C48,
0E000074,
09BCEF66,
00000000,
00000000,
00000000,
FDE52100,
FDFDE0ED,
AF350000,
0080FDFD,
00000000,
00000000,
00000000,
E7370000,
FDFDFDFD,
FDF0A6D5,
000790FD,
00000000,
00000000,
00000000,
6F000000,
FDFDFDE9,
E8FDFDFE,
00000674,
00000000,
00000000,
00000000,
00000000,
F8847409,
3184F2FE,
00000000,
00000000,
00000000,
00000000,
00000000,
00000000,
00000000,
00000000,
00000000,
00000000,
00000000,
00000000,
00000000,
00000000,
00000000,
00000000,
00000000,
00000000,
00000000,
00000000,
00000000,
00000000,
00000000,
00000000,
00000000,
00000000,
00000000,
00000000,
00000000,
00000000,
00000000,
00000000,
00000000,
00000000,
00000000,
00000000,
00000000,
00000000,
00000000,
00000000,
00000000,
00000000,
00000000,
00000000,
00000000,
00000000,
00000000,
00000000,
00000000,
00000000,
00000000,
00000000,
00000000,
00000000,
00000000,
00000000,
00000000,
00000000,
00000000,
00000000,
00000000,
00000000,
00000000,
00000000,
00000000,
00000000,
00000000,
00000000,
00000000,
00000000,
00000000,
00000000,
00000000,
00000000,
00000000,
00000000,
00D7FE77,
00000000,
00000000,
00000000,
00000000,
00000000,
00000000,
00D5FD76,
00000000,
00000000,
00000000,
00000000,
00000000,
00000000,
00D5FD76,
00000000,
00000000,
00000000,
00000000,
00000000,
0A000000,
00D5FD8A,
00000000,
00000000,
00000000,
00000000,
00000000,
86000000,
00D5FDFD,
00000000,
00000000,
00000000,
00000000,
00000000,
FE000000,
005DFDFD,
00000000,
00000000,
00000000,
00000000,
00000000,
FFA70000,
000367FD,
00000000,
00000000,
00000000,
00000000,
00000000,
FED52B00,
000035D8,
00000000,
00000000,
00000000,
00000000,
00000000,
FEFDC82B,
00000087,
00000000,
00000000,
00000000,
00000000,
00000000,
FEFDFD4F,
00000087,
00000000,
00000000,
00000000,
00000000,
14000000,
F3FEFEFE,
00000069,
00000000,
00000000,
00000000,
00000000,
0B000000,
DFFDFDAB,
0000003F,
00000000,
00000000,
00000000,
00000000,
00000000,
FEFDFD4F,
00000087,
00000000,
00000000,
00000000,
00000000,
13000000,
C8FDFDF0,
0000000A,
00000000,
00000000,
00000000,
00000000,
60000000,
79FDFDFD,
00000000,
00000000,
00000000,
00000000,
00000000,
D7000000,
00FDFDFD,
00000000,
00000000,
00000000,
00000000,
00000000,
F7850000,
00EDFDFD,
00000000,
00000000,
00000000,
00000000,
00000000,
FD9C0000,
0039FDFD,
00000000,
00000000,
00000000,
00000000,
00000000,
FD9C0000,
0039FDFD,
00000000,
00000000,
00000000,
00000000,
00000000,
49240000,
000D39C0,
00000000,
00000000,
00000000,
00000000,
00000000,
00000000,
00000000,
00000000,
00000000,
00000000,
00000000,
00000000,
00000000,
00000000,
00000000,
00000000,
00000000,
00000000,
00000000,
00000000,
00000000,
00000000,
00000000,
00000000,
00000000,
00000000,
00000000,
00000000,
00000000,
00000000,
00000000,
00000000,
00000000,
00000000,
00000000,
00000000,
00000000,
00000000,
00000000,
00000000,
00000000,
00000000,
00000000,
00000000,
00000000,
00000000,
00000000,
00000000,
00000000,
00000000,
00000000,
00000000,
00000000,
00000000,
00000000,
00000000,
00000000,
00000000,
00000000,
00000000,
00000000,
00000000,
00000000,
00000000,
00000000,
00000000,
00000000,
00000000,
00000000,
FEC47315,
119CFEFE,
00000000,
00000000,
00000000,
00000000,
41000000,
FBFDFDCB,
9FFDFDF8,
00000001,
00000000,
00000000,
00000000,
F9890800,
4493F1FD,
FDF67529,
00000014,
00000000,
00000000,
00000000,
F2FD6D00,
00001D9D,
F7FA7302,
00000012,
00000000,
00000000,
00000000,
24911600,
00000000,
6AFDFD2D,
00000000,
00000000,
00000000,
00000000,
00000000,
996F0600,
07DBFDF0,
00000000,
00000000,
00000000,
00000000,
00000000,
FDFD5400,
002FE6FD,
00000000,
00000000,
00000000,
00000000,
94000000,
FDFDF8EF,
0063FAFD,
00000000,
00000000,
00000000,
00000000,
EF000000,
B5FCFDFD,
5FF8FDFD,
00000000,
00000000,
00000000,
00000000,
04000000,
0104042C,
FCFDB832,
0000004E,
00000000,
00000000,
00000000,
00000000,
00000000,
FDE40E00,
00000079,
00000000,
00000000,
00000000,
00000000,
00000000,
FD7E0000,
000000DB,
00000000,
00000000,
00000000,
00000000,
00000000,
FD820000,
000000D5,
00000000,
00000000,
6C000000,
0000005D,
00000000,
FDE00000,
00000078,
00000000,
00000000,
EC200000,
000000A7,
00000000,
FDFA7802,
00000046,
00000000,
00000000,
FD410000,
000000B2,
00000000,
A5FDFD2F,
00000006,
00000000,
00000000,
EB1F0000,
000000B2,
9E110000,
06CBFDF3,
00000000,
00000000,
00000000,
DB000000,
5A5A8AEB,
FDD8955B,
0013A3F8,
00000000,
00000000,
00000000,
A2000000,
FDFDFDFD,
92EBFDFE,
00000018,
00000000,
00000000,
00000000,
1A000000,
C6FDA57B,
00208699,
00000000,
00000000,
00000000,
00000000,
00000000,
00000000,
00000000,
00000000,
00000000,
00000000,
00000000,
00000000,
00000000,
00000000,
00000000,
00000000,
00000000,
00000000,
00000000,
00000000,
00000000,
00000000,
00000000,
00000000,
00000000,
00000000,
00000000,
00000000,
00000000,
00000000,
00000000,
00000000,
00000000,
00000000,
00000000,
00000000,
00000000,
00000000,
00000000,
00000000,
00000000,
0E000000,
004FE08D,
00000000,
00000000,
00000000,
00000000,
00000000,
BA000000,
0075FDFD,
00000000,
00000000,
00000000,
00000000,
00000000,
FE630000,
002473AB,
00000000,
00000000,
00000000,
00000000,
00000000,
F4F83400,
00000028,
00000000,
00000000,
00000000,
00000000,
00000000,
2DFDDB1F,
00000000,
00000000,
00000000,
00000000,
00000000,
05000000,
00ABFE77,
00000000,
00000000,
00000000,
00000000,
00000000,
67000000,
0009D4FD,
00000000,
00000000,
00000000,
00000000,
00000000,
C4130000,
00002BE4,
00000000,
00000000,
00000000,
00000000,
00000000,
FD950000,
000000AE,
00000000,
00000000,
00000000,
00000000,
00000000,
FDC20000,
00000064,
00000000,
00000000,
00000000,
00000000,
00000000,
AEFF1700,
00000000,
0E3B6132,
00000000,
00000000,
00000000,
00000000,
87FEB400,
D7350000,
B9FDFDF7,
00000000,
00000000,
00000000,
00000000,
87FEC300,
FEEB5800,
FDAC6BD8,
00000044,
00000000,
00000000,
00000000,
87FEC300,
9AFDFB58,
FD880019,
000000AD,
00000000,
00000000,
00000000,
96FEC300,
0076EDEB,
FD880000,
00000062,
00000000,
00000000,
00000000,
FEFF6300,
00009AFE,
FE890000,
00000017,
00000000,
00000000,
00000000,
FDD00F00,
0D007CFD,
F5B71414,
00000035,
00000000,
00000000,
00000000,
FD7F0000,
E0AFF1FD,
7EFDFDFD,
00000000,
00000000,
00000000,
00000000,
6E050000,
FEFDFDF1,
05D8FDFD,
00000000,
00000000,
00000000,
00000000,
00000000,
FEFDA329,
005EDEFD,
00000000,
00000000,
00000000,
00000000,
00000000,
00000000,
00000000,
00000000,
00000000,
00000000,
00000000,
00000000,
00000000,
00000000,
00000000,
00000000,
00000000,
00000000,
00000000,
00000000,
00000000,
00000000,
00000000,
00000000,
00000000,
00000000,
00000000,
00000000,
00000000,
00000000,
00000000,
00000000,
00000000,
00000000,
00000000,
00000000,
00000000,
00000000,
00000000,
00000000,
00000000,
00000000,
00000000,
00000000,
00000000,
00000000,
00000000,
00000000,
00000000,
00000000,
00000000,
00000000,
00000000,
00000000,
00000000,
00000000,
00000000,
00000000,
00000000,
00000000,
00000000,
00000000,
00000000,
00000000,
00000000,
00000000,
00000000,
00000000,
00000000,
00000000,
00000000,
00000000,
00000000,
00000000,
00000000,
00000000,
00000000,
00000000,
00000000,
00000000,
00000000,
00000000,
00000000,
00000000,
00000000,
00000000,
00000000,
00000000,
00000000,
74060000,
3BF6E0F3,
02791F00,
00000000,
00000000,
00000000,
00000000,
BF950200,
199E085F,
15E4DB11,
00000000,
00000000,
00000000,
00000000,
3895AD0E,
053D0000,
002CE4C6,
00000000,
00000000,
00000000,
00000000,
0019C856,
42000000,
00004BCB,
00000000,
00000000,
00000000,
00000000,
00008A7D,
F32B0000,
00002EE6,
00000000,
00000000,
00000000,
8B000000,
000006C9,
FC950000,
00000054,
00000000,
00000000,
00000000,
E4580000,
0000000A,
8BFD9812,
00000000,
00000000,
00000000,
00000000,
60E10400,
44020000,
006EE0C2,
00000000,
00000000,
00000000,
00000000,
14E53100,
FF973C1C,
000047F9,
00000000,
00000000,
00000000,
00000000,
CEF92900,
F6CEDDFD,
000000CA,
00000000,
00000000,
00000000,
00000000,
C46A0000,
F687107B,
0000008E,
00000000,
00000000,
00000000,
00000000,
00000000,
C6FE6E00,
00000005,
00000000,
00000000,
00000000,
00000000,
00000000,
19EDFA1D,
00000000,
00000000,
00000000,
00000000,
00000000,
03000000,
0018D2DB,
00000000,
00000000,
00000000,
00000000,
00000000,
70000000,
000000F4,
00000000,
00000000,
00000000,
00000000,
00000000,
F4400000,
0000007C,
00000000,
00000000,
00000000,
00000000,
00000000,
A4E95E00,
00000004,
00000000,
00000000,
00000000,
00000000,
00000000,
09DED300,
00000000,
00000000,
00000000,
00000000,
00000000,
00000000,
007DD300,
00000000,
00000000,
00000000,
00000000,
00000000,
00000000,
00025A18,
00000000,
00000000,
00000000,
00000000,
00000000,
00000000,
00000000,
00000000,
00000000,
00000000,
00000000,
00000000,
00000000,
00000000,
00000000,
00000000,
00000000,
00000000,
00000000,
00000000,
00000000,
00000000,
00000000,
00000000,
00000000,
00000000,
00000000,
00000000,
00000000,
00000000,
00000000,
00000000,
00000000,
00000000,
00000000,
00000000,
00000000,
00000000,
00000000,
00000000,
00000000,
00000000,
00000000,
00000000,
00000000,
00000000,
00000000,
00000000,
00000000,
00000000,
00000000,
00000000,
00000000,
00000000,
00000000,
7D7D6E00,
7D9E9E7D,
00000026,
00000000,
00000000,
00000000,
00000000,
FEFEFE9D,
FEFEFFFE,
000053FB,
00000000,
00000000,
00000000,
00000000,
FEFEFEAC,
FEFEFEFE,
0090F7FE,
00000000,
00000000,
00000000,
00000000,
FEFE6808,
FEFEFEFE,
00DEFEFE,
00000000,
00000000,
00000000,
00000000,
85190A00,
FEFEFEB8,
00DEFEFE,
00000000,
00000000,
00000000,
00000000,
B8000000,
FEFEFEE8,
00DEFEFE,
00000000,
00000000,
00000000,
00000000,
F8750000,
FEFEFEFE,
006FFEFE,
00000000,
00000000,
00000000,
00000000,
FED80000,
FEFEFEFE,
0083FEFE,
00000000,
00000000,
00000000,
00000000,
F2580000,
FEFEFEFE,
00DEFEFE,
00000000,
00000000,
00000000,
00000000,
59000000,
ECCDFEF1,
1AE6FEFE,
00000000,
00000000,
00000000,
00000000,
00000000,
99114134,
80FEFEFE,
00000000,
00000000,
00000000,
00000000,
00000000,
35000000,
E4FEFEFE,
00000000,
00000000,
00000000,
00000000,
00000000,
4D000000,
89FEFEFE,
00000000,
00000000,
00000000,
00000000,
00000000,
E7280000,
62FEFEFE,
00000000,
00000000,
00000000,
00000000,
00001100,
FE980900,
23E9FEFE,
00000000,
00000000,
00000000,
00000000,
329DCF8E,
FEFEB683,
00D0FEFE,
00000000,
00000000,
00000000,
3F000000,
FEFEFEF4,
FEFEFEFE,
0054FBFE,
00000000,
00000000,
00000000,
6A000000,
FEFEFEFE,
FEFEFEFE,
000088F5,
00000000,
00000000,
00000000,
31000000,
FEFEFEEB,
DDFAFEFE,
00000024,
00000000,
00000000,
00000000,
00000000,
FEEB6D00,
0020DDFE,
00000000,
00000000,
00000000,
00000000,
00000000,
00000000,
00000000,
00000000,
00000000,
00000000,
00000000,
00000000,
00000000,
00000000,
00000000,
00000000,
00000000,
00000000,
00000000,
00000000,
00000000,
00000000,
00000000,
00000000,
00000000,
00000000,
00000000,
00000000,
00000000,
00000000,
00000000,
00000000,
00000000,
00000000,
00000000,
00000000,
00000000,
00000000,
00000000,
00000000,
00000000,
00000000,
00000000,
00000000,
00000000,
00000000,
00000000,
00000000,
00000000,
00000000,
00000000,
00000000,
00000000,
00000000,
5C000000,
00FDFDFD,
00000000,
00000000,
00000000,
00000000,
00000000,
BE000000,
00FBFBFB,
00000000,
00000000,
00000000,
00000000,
00000000,
BE000000,
00FBFBFB,
00000000,
00000000,
00000000,
00000000,
00000000,
BE000000,
00FBFBFB,
00000000,
00000000,
00000000,
00000000,
00000000,
BE000000,
00FBFBFB,
00000000,
00000000,
00000000,
00000000,
00000000,
BF000000,
C3FDFDFD,
00000018,
00000000,
00000000,
00000000,
00000000,
BE000000,
FDFBFBFB,
0000003E,
00000000,
00000000,
00000000,
00000000,
BE000000,
FDFBFBFB,
0000008D,
00000000,
00000000,
00000000,
00000000,
33000000,
FDFBFBFB,
000000DC,
00000000,
00000000,
00000000,
00000000,
20000000,
FDFBFBFB,
000000DC,
00000000,
00000000,
00000000,
00000000,
0C000000,
FFFDFDAE,
000000DD,
00000000,
00000000,
00000000,
00000000,
20000000,
FDFBFBFB,
000000DC,
00000000,
00000000,
00000000,
00000000,
20000000,
FDFBFBFB,
000000DC,
00000000,
00000000,
00000000,
00000000,
20000000,
FDFBFBFB,
000000DC,
00000000,
00000000,
00000000,
00000000,
20000000,
FDFBFBFB,
000000DC,
00000000,
00000000,
00000000,
00000000,
14000000,
FFFDFDCE,
00007EFD,
00000000,
00000000,
00000000,
00000000,
00000000,
FDFBE520,
00007EFB,
00000000,
00000000,
00000000,
00000000,
00000000,
FDFBDD00,
005FBCFB,
00000000,
00000000,
00000000,
00000000,
00000000,
FDD3B500,
00BCFBFB,
00000000,
00000000,
00000000,
00000000,
00000000,
99231800,
0059FBFB,
00000000,
00000000,
00000000,
00000000,
00000000,
00000000,
00000000,
00000000,
00000000,
00000000,
00000000,
00000000,
00000000,
00000000,
00000000,
00000000,
00000000,
00000000,
00000000,
00000000,
00000000,
00000000,
00000000,
00000000,
00000000,
00000000,
00000000,
00000000,
00000000,
00000000,
00000000,
00000000,
00000000,
00000000,
00000000,
00000000,
00000000,
00000000,
00000000,
00000000,
00000000,
00000000,
00000000,
00000000,
00000000,
00000000,
00000000,
00000000,
00000000,
00000000,
00000000,
00000000,
00000000,
00000000,
00000000,
00000000,
00000000,
00000000,
00000000,
00000000,
00000000,
00000000,
00000000,
00000000,
00000000,
00000000,
00000000,
00000000,
00000000,
FD250000,
0048FDFF,
00000000,
00000000,
00000000,
00000000,
003F3F00,
FCB53F00,
0047FCFD,
00000000,
00000000,
00000000,
00000000,
00D7F2B6,
FCFCDE10,
0014AEED,
00000000,
00000000,
00000000,
90150000,
015CD2FD,
FCFCFCBF,
00000090,
00000000,
00000000,
00000000,
FCD35E00,
900014CE,
6CFCFCFD,
00000000,
00000000,
00000000,
00000000,
FCFCE320,
ED200014,
0FDCFCFD,
00000000,
00000000,
00000000,
25060000,
84F6FCD3,
FC960B00,
00C3FCFD,
00001500,
00000000,
00000000,
FC250000,
0084FCFC,
FCFC4900,
0047FCFD,
0029CE91,
00000000,
00000000,
FDB60000,
0048FDFD,
FDFD4900,
BF6DD3FF,
0048FDFF,
00000000,
00000000,
FCF23F00,
497CFCFC,
FCFC732A,
FCFCFCFD,
0033E7FD,
00000000,
00000000,
FCFC4900,
FCFCFCFC,
FCFCF2DE,
FCFCFCFD,
000099ED,
00000000,
00000000,
FCFC4900,
FCFCFCFC,
FCFCFCFD,
FCFCFCFD,
00000090,
00000000,
00000000,
FDA02A00,
FDFDFDFD,
FDFDFDFF,
90EDFDFF,
00000000,
00000000,
00000000,
77050000,
FCE7BDD2,
FCFCFCFD,
001E8ADE,
00000000,
00000000,
00000000,
00000000,
9A330A1F,
FCFCFCFD,
000005A0,
00000000,
00000000,
00000000,
00000000,
00000000,
FCFCFCFD,
000077FD,
00000000,
00000000,
00000000,
00000000,
00000000,
FDFDFDC0,
0085FDFF,
00000000,
00000000,
00000000,
00000000,
00000000,
FCFCF24E,
00AEFCFD,
00000000,
00000000,
00000000,
00000000,
00000000,
FCDD6700,
003DDCFD,
00000000,
00000000,
00000000,
00000000,
00000000,
BE100000,
00000F6C,
00000000,
00000000,
00000000,
00000000,
00000000,
00000000,
00000000,
00000000,
00000000,
00000000,
00000000,
00000000,
00000000,
00000000,
00000000,
00000000,
00000000,
00000000,
00000000,
00000000,
00000000,
00000000,
00000000,
00000000,
00000000,
00000000,
00000000,
00000000,
00000000,
00000000,
00000000,
00000000,
00000000,
00000000,
00000000,
00000000,
00000000,
00000000,
00000000,
00000000,
00000000,
00000000,
00000000,
00000000,
00000000,
00000000,
00000000,
00000000,
00000000,
00000000,
00000000,
00000000,
00000000,
00000000,
00000000,
00000000,
00000000,
00000000,
00000000,
00000000,
56F51600,
00000B05,
00000000,
00000000,
00000000,
00000000,
00000000,
F0500000,
0000CBB1,
00000000,
00000000,
00000000,
00000000,
00000000,
B8000000,
0000FCFC,
00000000,
00000000,
00000000,
00000000,
00000000,
B8000000,
0000FCFC,
00000000,
00000000,
00000000,
00000000,
00000000,
83000000,
006AFCFC,
00000000,
00000000,
00000000,
00000000,
00000000,
20000000,
32F4FDE5,
00000000,
00000000,
00000000,
00000000,
00000000,
00000000,
71FDFC85,
00000000,
00000000,
00000000,
00000000,
00000000,
00000000,
DBFDD744,
00000013,
00000000,
00000000,
00000000,
00000000,
00000000,
FCFD1500,
0000006F,
00000000,
00000000,
00000000,
00000000,
00000000,
FCFD0000,
000000B7,
00000000,
00000000,
00000000,
00000000,
00000000,
FDFF0000,
000000B8,
00000000,
00000000,
00000000,
00000000,
00000000,
FC9F0000,
000009C4,
00000000,
00000000,
00000000,
00000000,
00000000,
E3110000,
00002DFC,
00000000,
00000000,
00000000,
00000000,
00000000,
A1000000,
00002DFC,
00000000,
00000000,
00000000,
00000000,
00000000,
39000000,
000096FC,
00000000,
00000000,
00000000,
00000000,
00000000,
2F000000,
0000A1FD,
00000000,
00000000,
00000000,
00000000,
00000000,
2F000000,
0000A0FC,
00000000,
00000000,
00000000,
00000000,
00000000,
2F000000,
0000A0FC,
00000000,
00000000,
00000000,
00000000,
00000000,
2F000000,
0013ECFC,
00000000,
00000000,
00000000,
00000000,
00000000,
05000000,
00027489,
00000000,
00000000,
00000000,
00000000,
00000000,
00000000,
00000000,
00000000,
00000000,
00000000,
00000000,
00000000,
00000000,
00000000,
00000000,
00000000,
00000000,
00000000,
00000000,
00000000,
00000000,
00000000,
00000000,
00000000,
00000000,
00000000,
00000000,
00000000,
00000000,
00000000,
00000000,
00000000,
00000000,
00000000,
00000000,
00000000,
00000000,
00000000,
00000000,
00000000,
00000000,
00000000,
00000000,
00000000,
00000000,
00000000,
00000000,
00000000,
00000000,
00000000,
00000000,
00000000,
00000000,
00000000,
00000000,
00000000,
00000000,
00000000,
00000000,
00000000,
00000000,
00000000,
00000000,
00000000,
00000000,
00000000,
1B000000,
12123988,
26121212,
00032D88,
00000000,
00000000,
00000000,
FE000000,
FDFDFDFD,
FDFDFDFD,
0029FDFD,
00000000,
00000000,
00000000,
FF000000,
FDFDFDFD,
FDFDFDFD,
0029FDFD,
00000000,
00000000,
00000000,
49000000,
A1419DB6,
FDFDFDD4,
001EE8FD,
00000000,
00000000,
00000000,
00000000,
00000000,
FDFDF839,
00003CE9,
00000000,
00000000,
00000000,
00000000,
00000000,
FDFDF40C,
000034F7,
00000000,
00000000,
00000000,
00000000,
00000000,
FDFDBB00,
000003C2,
00000000,
00000000,
00000000,
00000000,
8E711804,
FDFDF98E,
1818185D,
18181818,
000D1818,
00000000,
00000000,
FDFDF01E,
FDFDFDFD,
FDFDFDFD,
FDFDFDFD,
00A8EDFD,
00000000,
00000000,
D76E3400,
FDFDFDFD,
FDFDFDFD,
C2D7FDFD,
00002E9B,
00000000,
00000000,
59000000,
F1FDFDFD,
45B0C2E6,
00153B3B,
00000000,
00000000,
00000000,
59000000,
A7FDFDFD,
00000A1D,
00000000,
00000000,
00000000,
00000000,
59000000,
5EFDFDFD,
00000000,
00000000,
00000000,
00000000,
00000000,
59000000,
02E6FDFD,
00000000,
00000000,
00000000,
00000000,
00000000,
59000000,
37F3FDFD,
00000000,
00000000,
00000000,
00000000,
00000000,
59000000,
5EFDFDFD,
00000000,
00000000,
00000000,
00000000,
00000000,
59000000,
5EFDFDFD,
00000000,
00000000,
00000000,
00000000,
00000000,
59000000,
14EAFDFD,
00000000,
00000000,
00000000,
00000000,
00000000,
59000000,
00E6FDFD,
00000000,
00000000,
00000000,
00000000,
00000000,
06000000,
0044877A,
00000000,
00000000,
00000000,
00000000,
00000000,
00000000,
00000000,
00000000,
00000000,
00000000,
00000000,
00000000,
00000000,
00000000,
00000000,
00000000,
00000000,
00000000,
00000000,
00000000,
00000000,
00000000,
00000000,
00000000,
00000000,
00000000,
00000000,
00000000,
00000000,
00000000,
00000000,
00000000,
00000000,
00000000,
00000000,
00000000,
00000000,
00000000,
00000000,
00000000,
00000000,
15000000,
82F7F19D,
00000000,
00000000,
00000000,
00000000,
00000000,
F1570400,
FDDEC6F1,
00000498,
00000000,
00000000,
00000000,
00000000,
F3FDA813,
B2100029,
00006DFE,
00000000,
00000000,
00000000,
00000000,
27CFFD92,
34000000,
000078EB,
00000000,
00000000,
00000000,
48000000,
0015F0F3,
00000000,
00000000,
00000000,
00000000,
00000000,
D1150000,
000047F3,
00000000,
00000000,
00000000,
00000000,
00000000,
FDD11400,
00000091,
00000000,
00000000,
00000000,
00000000,
00000000,
E1FE8800,
00000012,
00000000,
00000000,
00000000,
00000000,
00000000,
59FEEE15,
00000000,
00000000,
00000000,
00000000,
00000000,
00000000,
05CAFD6D,
00000000,
00000000,
00000000,
00000000,
00000000,
00000000,
00B6FE87,
00000000,
00000000,
00000000,
00000000,
00000000,
00000000,
0081FD74,
00000000,
00000000,
00000000,
00000000,
00000000,
00000000,
005BFD9A,
00000000,
00000000,
00000000,
00000000,
00000000,
1B000000,
0081FDEE,
0C000000,
0C131313,
00000000,
00000000,
00000000,
1B000000,
00B5FDEE,
E47C2800,
E3FDFDFD,
00000042,
00000000,
00000000,
00000000,
05CAFE8D,
FFFEFE99,
FEFEBFBA,
000005CA,
00000000,
00000000,
00000000,
EDFEFD5A,
126CDFFA,
FDCB0302,
000012FE,
00000000,
00000000,
00000000,
FDFE9103,
00007DFD,
FDE23208,
00000392,
00000000,
00000000,
00000000,
FDD01400,
C8C7F9FD,
A9FBFDD3,
00000014,
00000000,
00000000,
00000000,
7C150000,
FEFDFDAF,
0056CFFD,
00000000,
00000000,
00000000,
00000000,
00000000,
00000000,
00000000,
00000000,
00000000,
00000000,
00000000,
00000000,
00000000,
00000000,
00000000,
00000000,
00000000,
00000000,
00000000,
00000000,
00000000,
00000000,
00000000,
00000000,
00000000,
00000000,
00000000,
00000000,
00000000,
00000000,
00000000,
00000000,
00000000,
00000000,
00000000,
00000000,
00000000,
00000000,
00000000,
00000000,
00000000,
00000000,
00000000,
00000000,
00000000,
00000000,
00000000,
00000000,
00000000,
00000000,
00000000,
00000000,
00000000,
00000000,
00000000,
00000000,
00000000,
00000000,
00000000,
00000000,
00000000,
00000000,
00000000,
00000000,
00000000,
00000000,
00000000,
00000000,
00000000,
00000000,
00000000,
00000000,
00000000,
00000000,
00000000,
00000000,
00000000,
00000000,
00000000,
00000000,
00000000,
7A260200,
F5FFFFF6,
00000879,
00000000,
00000000,
00000000,
00000000,
FDFDB039,
FDFDFDFD,
00039BFD,
00000000,
00000000,
00000000,
01000000,
FDFDFDBF,
FDF8FAFD,
0069FDFD,
00000000,
00000000,
00000000,
7E010000,
D2F5FDFD,
9B00256F,
0EBBFDFD,
00000000,
00000000,
00000000,
FD060000,
008BFAFD,
0F000000,
74FDFDE2,
00000000,
00000000,
00000000,
FD060000,
00008DFD,
00000000,
DBFDFD4C,
00000019,
00000000,
00000000,
FD490000,
000016EE,
0E000000,
FDFDFDDD,
00000096,
00000000,
00000000,
FD720000,
000015EB,
C1200000,
FDFDFDFD,
000004E6,
00000000,
00000000,
FD3D0000,
00007EFD,
FDAB2802,
FDFDFDFD,
0000019F,
00000000,
00000000,
FD060000,
3760D3FD,
FDFDFD9F,
F0FDFDFD,
00000049,
00000000,
00000000,
85020000,
FDFDFDFD,
FDFDFDFD,
BCFDFDD6,
00000000,
00000000,
00000000,
03000000,
FDF5AE61,
16C0E8FC,
57FDFD41,
00000000,
00000000,
00000000,
00000000,
56360000,
00000051,
1CEBDE15,
00000000,
00000000,
00000000,
00000000,
00000000,
00000000,
00E2E017,
00000000,
00000000,
00000000,
00000000,
00000000,
00000000,
007BFD48,
00000000,
00000000,
00000000,
00000000,
00000000,
00000000,
00C0FDA8,
00000000,
00000000,
00000000,
00000000,
00000000,
00000000,
21EDFDA8,
00000000,
00000000,
00000000,
00000000,
00000000,
00000000,
51FDFDA8,
00000000,
00000000,
00000000,
00000000,
00000000,
00000000,
51FDFDA8,
00000000,
00000000,
00000000,
00000000,
00000000,
00000000,
2EF2E961,
00000000,
00000000,
00000000,
00000000,
00000000,
00000000,
00000000,
00000000,
00000000,
00000000,
00000000,
00000000,
00000000,
00000000,
00000000,
00000000,
00010207,
09040104,
06000905,
05010009,
04030709,
05060609,
04070004,
01030100,
02070403,
01020107,
02040701,
02010503,
03060404,
00060505,
05090104,
03090807,
04060407,
00070003,
07010902,
07090203,
07020607,
03070408,
06030106,
04010309,
09060701;
